-- MySQL dump 10.19  Distrib 10.2.44-MariaDB, for Win64 (AMD64)
--
-- Host: localhost    Database: qrdb
-- ------------------------------------------------------
-- Server version	10.2.44-MariaDB

/*!40101 SET @OLD_CHARACTER_SET_CLIENT=@@CHARACTER_SET_CLIENT */;
/*!40101 SET @OLD_CHARACTER_SET_RESULTS=@@CHARACTER_SET_RESULTS */;
/*!40101 SET @OLD_COLLATION_CONNECTION=@@COLLATION_CONNECTION */;
/*!40101 SET NAMES utf8 */;
/*!40103 SET @OLD_TIME_ZONE=@@TIME_ZONE */;
/*!40103 SET TIME_ZONE='+00:00' */;
/*!40014 SET @OLD_UNIQUE_CHECKS=@@UNIQUE_CHECKS, UNIQUE_CHECKS=0 */;
/*!40014 SET @OLD_FOREIGN_KEY_CHECKS=@@FOREIGN_KEY_CHECKS, FOREIGN_KEY_CHECKS=0 */;
/*!40101 SET @OLD_SQL_MODE=@@SQL_MODE, SQL_MODE='NO_AUTO_VALUE_ON_ZERO' */;
/*!40111 SET @OLD_SQL_NOTES=@@SQL_NOTES, SQL_NOTES=0 */;

--
-- Table structure for table `aa`
--

DROP TABLE IF EXISTS `aa`;
/*!40101 SET @saved_cs_client     = @@character_set_client */;
/*!40101 SET character_set_client = utf8 */;
CREATE TABLE `aa` (
  `id` int(11) NOT NULL AUTO_INCREMENT,
  `name` varchar(50) NOT NULL,
  PRIMARY KEY (`id`)
) ENGINE=InnoDB AUTO_INCREMENT=3 DEFAULT CHARSET=utf8;
/*!40101 SET character_set_client = @saved_cs_client */;

--
-- Dumping data for table `aa`
--

LOCK TABLES `aa` WRITE;
/*!40000 ALTER TABLE `aa` DISABLE KEYS */;
INSERT INTO `aa` VALUES (1,'광'),(2,'UTF');
/*!40000 ALTER TABLE `aa` ENABLE KEYS */;
UNLOCK TABLES;

--
-- Table structure for table `ab`
--

DROP TABLE IF EXISTS `ab`;
/*!40101 SET @saved_cs_client     = @@character_set_client */;
/*!40101 SET character_set_client = utf8 */;
CREATE TABLE `ab` (
  `id` int(11) NOT NULL AUTO_INCREMENT,
  `name` varchar(10) NOT NULL,
  PRIMARY KEY (`id`)
) ENGINE=InnoDB AUTO_INCREMENT=5 DEFAULT CHARSET=utf8;
/*!40101 SET character_set_client = @saved_cs_client */;

--
-- Dumping data for table `ab`
--

LOCK TABLES `ab` WRITE;
/*!40000 ALTER TABLE `ab` DISABLE KEYS */;
INSERT INTO `ab` VALUES (1,'1G'),(2,'10G'),(3,'40G'),(4,'100G');
/*!40000 ALTER TABLE `ab` ENABLE KEYS */;
UNLOCK TABLES;

--
-- Table structure for table `ac`
--

DROP TABLE IF EXISTS `ac`;
/*!40101 SET @saved_cs_client     = @@character_set_client */;
/*!40101 SET character_set_client = utf8 */;
CREATE TABLE `ac` (
  `id` int(11) NOT NULL AUTO_INCREMENT,
  `speed_id` int(11) DEFAULT NULL,
  `name` varchar(20) DEFAULT NULL,
  PRIMARY KEY (`id`),
  KEY `speed_id` (`speed_id`),
  CONSTRAINT `ac_ibfk_1` FOREIGN KEY (`speed_id`) REFERENCES `ab` (`id`) ON DELETE CASCADE
) ENGINE=InnoDB AUTO_INCREMENT=5 DEFAULT CHARSET=utf8;
/*!40101 SET character_set_client = @saved_cs_client */;

--
-- Dumping data for table `ac`
--

LOCK TABLES `ac` WRITE;
/*!40000 ALTER TABLE `ac` DISABLE KEYS */;
INSERT INTO `ac` VALUES (1,1,'빨간색'),(2,2,'파란색'),(3,3,'검정색'),(4,4,'초록색');
/*!40000 ALTER TABLE `ac` ENABLE KEYS */;
UNLOCK TABLES;

--
-- Table structure for table `category_speed`
--

DROP TABLE IF EXISTS `category_speed`;
/*!40101 SET @saved_cs_client     = @@character_set_client */;
/*!40101 SET character_set_client = utf8 */;
CREATE TABLE `category_speed` (
  `category_id` int(11) NOT NULL,
  `speed_id` int(11) NOT NULL,
  PRIMARY KEY (`category_id`,`speed_id`),
  KEY `speed_id` (`speed_id`),
  CONSTRAINT `category_speed_ibfk_1` FOREIGN KEY (`category_id`) REFERENCES `aa` (`id`) ON DELETE CASCADE,
  CONSTRAINT `category_speed_ibfk_2` FOREIGN KEY (`speed_id`) REFERENCES `ab` (`id`) ON DELETE CASCADE
) ENGINE=InnoDB DEFAULT CHARSET=utf8;
/*!40101 SET character_set_client = @saved_cs_client */;

--
-- Dumping data for table `category_speed`
--

LOCK TABLES `category_speed` WRITE;
/*!40000 ALTER TABLE `category_speed` DISABLE KEYS */;
INSERT INTO `category_speed` VALUES (1,1),(1,2),(1,4),(2,1),(2,2),(2,3),(2,4);
/*!40000 ALTER TABLE `category_speed` ENABLE KEYS */;
UNLOCK TABLES;

--
-- Table structure for table `department`
--

DROP TABLE IF EXISTS `department`;
/*!40101 SET @saved_cs_client     = @@character_set_client */;
/*!40101 SET character_set_client = utf8 */;
CREATE TABLE `department` (
  `department_idx` int(11) NOT NULL AUTO_INCREMENT,
  `department_name` varchar(50) DEFAULT NULL COMMENT '부서명',
  PRIMARY KEY (`department_idx`)
) ENGINE=InnoDB AUTO_INCREMENT=6 DEFAULT CHARSET=utf8 COMMENT='부서테이블';
/*!40101 SET character_set_client = @saved_cs_client */;

--
-- Dumping data for table `department`
--

LOCK TABLES `department` WRITE;
/*!40000 ALTER TABLE `department` DISABLE KEYS */;
INSERT INTO `department` VALUES (0,'선택'),(1,'일반'),(2,'기술지원 1팀'),(3,'기술지원 2팀'),(4,'기술지원 3팀');
/*!40000 ALTER TABLE `department` ENABLE KEYS */;
UNLOCK TABLES;

--
-- Table structure for table `equipment_basic`
--

DROP TABLE IF EXISTS `equipment_basic`;
/*!40101 SET @saved_cs_client     = @@character_set_client */;
/*!40101 SET character_set_client = utf8 */;
CREATE TABLE `equipment_basic` (
  `eqp_manage_id` varchar(10) NOT NULL COMMENT '장비관리번호 (장비구분2 + 포설년도4 + 일련번호4)',
  `eqp_name` varchar(50) DEFAULT NULL COMMENT '구성자원명',
  `host_name` varchar(30) DEFAULT NULL COMMENT '호스트명',
  `model_name` varchar(30) DEFAULT NULL COMMENT '모델명',
  `m_company` varchar(30) DEFAULT NULL COMMENT '제조사',
  `domestic` varchar(1) NOT NULL COMMENT '국산여부(Y:국산, N:외산)',
  `redundancy_config` varchar(1) NOT NULL COMMENT '이중화구성여부(Y:이중화, N:단일)',
  `maintenance_contract_target` varchar(1) NOT NULL COMMENT '유지관리계약대상여부(Y, N)',
  `config_id` varchar(1) DEFAULT NULL COMMENT '구성분류',
  `asset_id` varchar(3) DEFAULT NULL COMMENT '자산분류',
  `sub_id` varchar(5) DEFAULT NULL COMMENT '자산세부분류',
  `detail_id` varchar(7) DEFAULT NULL COMMENT '자산상세분류',
  `network_operation_type` varchar(1) DEFAULT NULL COMMENT '네트워크 운영구분(I: 인터넷망, B: 업무망, O : 운영망)',
  `operating_status` varchar(1) NOT NULL COMMENT '운영상태(Y: 사용, N: 정지)',
  `operating_department` varchar(30) DEFAULT NULL COMMENT '운영부서',
  `primary_operator` varchar(20) DEFAULT NULL COMMENT '운영담당자(정)',
  `secondary_operator` varchar(20) DEFAULT NULL COMMENT '운영담당자(부)',
  `primary_outsourced_operator` varchar(20) DEFAULT NULL COMMENT '위탁운영사용자(정)',
  `secondary_outsourced_operator` varchar(20) DEFAULT NULL COMMENT '위탁운영사용자(부)',
  `created_at` datetime NOT NULL COMMENT '생성일',
  `updated_at` datetime DEFAULT NULL COMMENT '수정일',
  `creator` varchar(20) DEFAULT NULL COMMENT '등록자',
  `is_deleted` varchar(1) DEFAULT NULL COMMENT '삭제여부',
  PRIMARY KEY (`eqp_manage_id`)
) ENGINE=InnoDB DEFAULT CHARSET=utf8 COMMENT='HW 장비 기본정보';
/*!40101 SET character_set_client = @saved_cs_client */;

--
-- Dumping data for table `equipment_basic`
--

LOCK TABLES `equipment_basic` WRITE;
/*!40000 ALTER TABLE `equipment_basic` DISABLE KEYS */;
INSERT INTO `equipment_basic` VALUES ('BK20210001','백업 솔루션','COBBAK01','Appliance 9048','Arcserve','2','2','1','1','105','10502','','3','1','자율주행 플랫폼 팀','SJTP','SJTP','박준호','엄태건','2024-12-01 17:07:23',NULL,NULL,'N'),('ET21210001','시간동기화','COBTMZ01','MS428','Falcon ','2','2','1','1','106','10606','','3','1','자율주행 플랫폼 팀','SJTP','SJTP','엄태건','김강현','2024-12-01 17:07:23',NULL,NULL,'N'),('ET21210002','KVM','N/A','DTrix Smart Wall Pro 21ch','클라모스','2','2','2','1','106','10606','','3','1','자율주행 플랫폼 팀','SJTP','SJTP','엄태건','김강현','2024-12-01 17:07:23',NULL,NULL,'N'),('ET21210003','KVM','N/A','CS1316','ATEN','2','2','2','1','106','10606','','3','1','자율주행 플랫폼 팀','SJTP','SJTP','엄태건','김강현','2024-12-01 17:07:23',NULL,NULL,'N'),('ET21210004','KVM','N/A','CS1316','ATEN','2','2','2','1','106','10606','','3','1','자율주행 플랫폼 팀','SJTP','SJTP','엄태건','김강현','2024-12-01 17:07:23',NULL,NULL,'N'),('ET21210005','KVM','N/A','CS1316','ATEN','2','2','2','1','106','10606','','3','1','자율주행 플랫폼 팀','SJTP','SJTP','엄태건','김강현','2024-12-01 17:07:23',NULL,NULL,'N'),('ET21210006','항온항습기','N/A','SKS-AU-010','진양티에이에스㈜','2','2','2','1','106','10606','','3','1','자율주행 플랫폼 팀','SJTP','SJTP','엄태건','김강현','2024-12-01 17:07:23',NULL,NULL,'N'),('ET21210007','항온항습기','N/A','SKS-AU-010','진양티에이에스㈜','2','2','2','1','106','10606','','3','1','자율주행 플랫폼 팀','SJTP','SJTP','엄태건','김강현','2024-12-01 17:07:23',NULL,NULL,'N'),('ET21210008','항온항습기','N/A','SKS-AU-015','진양티에이에스㈜','2','2','2','1','106','10606','','3','1','자율주행 플랫폼 팀','SJTP','SJTP','엄태건','김강현','2024-12-01 17:07:23',NULL,NULL,'N'),('ET21210009','전원공급장치','N/A','KJU-3000S','국제통신공업㈜','2','2','2','1','106','10606','','3','1','자율주행 플랫폼 팀','SJTP','SJTP','엄태건','김강현','2024-12-01 17:07:23',NULL,NULL,'N'),('ET21210010','전원공급장치','N/A','KJU-3000S','국제통신공업㈜','2','2','2','1','106','10606','','3','1','자율주행 플랫폼 팀','SJTP','SJTP','엄태건','김강현','2024-12-01 17:07:23',NULL,NULL,'N'),('ET21210011','FMS','N/A','N/A','N/A','2','2','2','1','106','10606','','3','1','자율주행 플랫폼 팀','SJTP','SJTP','엄태건','김강현','2024-12-01 17:07:23',NULL,NULL,'N'),('ET21210012','CCTV','N/A','N/A','N/A','2','2','2','1','106','10606','','3','1','자율주행 플랫폼 팀','SJTP','SJTP','엄태건','김강현','2024-12-01 17:07:23',NULL,NULL,'N'),('ET21210013','모니터','N/A','N/A','N/A','2','2','2','1','106','10606','','3','1','자율주행 플랫폼 팀','SJTP','SJTP','엄태건','김강현','2024-12-01 17:07:23',NULL,NULL,'N'),('NW20210021','관제실 L2 스위치','N/A','EX3400-48T','JUNIPER','2','2','1','1','103','10301','1030101','3','1','자율주행 플랫폼 팀','SJTP','SJTP','박준호','엄태건','2024-12-01 17:07:23',NULL,NULL,'N'),('NW20210022','오픈랩 사무실 L2 스위치','N/A','EX3400-48T','JUNIPER','2','2','1','1','103','10301','1030101','3','1','자율주행 플랫폼 팀','SJTP','SJTP','박준호','엄태건','2024-12-01 17:07:23',NULL,NULL,'N'),('NW20210023','인트라넷 스위치','N/A','EX3400-48T','JUNIPER','2','2','1','1','103','10301','1030101','3','1','자율주행 플랫폼 팀','SJTP','SJTP','박준호','엄태건','2024-12-01 17:07:23',NULL,NULL,'N'),('NW20210024','오픈랩 L2 스위치','N/A','EX3400-48T','JUNIPER','2','2','1','1','103','10301','1030101','3','1','자율주행 플랫폼 팀','SJTP','SJTP','박준호','엄태건','2024-12-01 17:07:23',NULL,NULL,'N'),('NW20210025','내부 사용자 L2 스위치#1','COL2S01','EX3400-48T','JUNIPER','2','1','1','1','103','10301','1030101','3','1','자율주행 플랫폼 팀','SJTP','SJTP','박준호','엄태건','2024-12-01 17:07:23',NULL,NULL,'N'),('NW20210026','내부 사용자 L2 스위치#2','COL2S02','EX3400-48T','JUNIPER','2','1','1','1','103','10301','1030101','3','1','자율주행 플랫폼 팀','SJTP','SJTP','박준호','엄태건','2024-12-01 17:07:23',NULL,NULL,'N'),('NW20210027','MGMT 스위치#1','COL2S03','EX3400-48T','JUNIPER','2','1','1','1','103','10301','1030101','3','1','자율주행 플랫폼 팀','SJTP','SJTP','박준호','엄태건','2024-12-01 17:07:23',NULL,NULL,'N'),('NW20210028','MGMT 스위치#2','COL2S04','EX3400-48T','JUNIPER','2','1','1','1','103','10301','1030101','3','1','자율주행 플랫폼 팀','SJTP','SJTP','박준호','엄태건','2024-12-01 17:07:23',NULL,NULL,'N'),('NW20210029','MGMT 스위치#3','COL2S05','EX3400-48T','JUNIPER','2','1','1','1','103','10301','1030101','3','1','자율주행 플랫폼 팀','SJTP','SJTP','박준호','엄태건','2024-12-01 17:07:23',NULL,NULL,'N'),('NW20210030','MGMT 스위치#4','COL2S06','EX3400-48T','JUNIPER','2','1','1','1','103','10301','1030101','3','1','자율주행 플랫폼 팀','SJTP','SJTP','박준호','엄태건','2024-12-01 17:07:23',NULL,NULL,'N'),('NW20210031','백본 스위치#1','COL3B01','EX9208','JUNIPER','2','1','1','1','103','10301','1030102','3','1','자율주행 플랫폼 팀','SJTP','SJTP','박준호','엄태건','2024-12-01 17:07:23',NULL,NULL,'N'),('NW20210032','백본 스위치#2','COL3B02','EX9208','JUNIPER','2','1','1','1','103','10301','1030102','3','1','자율주행 플랫폼 팀','SJTP','SJTP','박준호','엄태건','2024-12-01 17:07:23',NULL,NULL,'N'),('NW20210033','외부망 L3 스위치#1','COL3S01','QFX5120-48Y','JUNIPER','2','1','1','1','103','10301','1030102','3','1','자율주행 플랫폼 팀','SJTP','SJTP','박준호','엄태건','2024-12-01 17:07:23',NULL,NULL,'N'),('NW20210034','외부망 L3 스위치#2','COL3S02','QFX5120-48Y','JUNIPER','2','1','1','1','103','10301','1030102','3','1','자율주행 플랫폼 팀','SJTP','SJTP','박준호','엄태건','2024-12-01 17:07:23',NULL,NULL,'N'),('NW20210035','자율주행 데이터 L3 스위치#1','COL3S03','QFX5120-48Y','JUNIPER','2','1','1','1','103','10301','1030102','3','1','자율주행 플랫폼 팀','SJTP','SJTP','박준호','엄태건','2024-12-01 17:07:23',NULL,NULL,'N'),('NW20210036','자율주행 데이터 L3 스위치#2','COL3S04','QFX5120-48Y','JUNIPER','2','1','1','1','103','10301','1030102','3','1','자율주행 플랫폼 팀','SJTP','SJTP','박준호','엄태건','2024-12-01 17:07:23',NULL,NULL,'N'),('NW20210037','내부관리 L3 스위치#1','COL3S05','QFX5120-48Y','JUNIPER','2','1','1','1','103','10301','1030102','3','1','자율주행 플랫폼 팀','SJTP','SJTP','박준호','엄태건','2024-12-01 17:07:23',NULL,NULL,'N'),('NW20210038','내부관리 L3 스위치#2','COL3S06','QFX5120-48Y','JUNIPER','2','1','1','1','103','10301','1030102','3','1','자율주행 플랫폼 팀','SJTP','SJTP','박준호','엄태건','2024-12-01 17:07:23',NULL,NULL,'N'),('NW20210039','빅데이터플랫폼 L3 스위치#1','BDBL301','QFX5110-48S','JUNIPER','2','1','1','1','103','10301','1030102','3','1','자율주행 플랫폼 팀','SJTP','SJTP','박준호','엄태건','2024-12-01 17:07:23',NULL,NULL,'N'),('NW20210040','빅데이터플랫폼 L3 스위치#2','BDBL302','QFX5110-48S','JUNIPER','2','1','1','1','103','10301','1030102','3','1','자율주행 플랫폼 팀','SJTP','SJTP','박준호','엄태건','2024-12-01 17:07:23',NULL,NULL,'N'),('NW20210041','오픈랩 L3 스위치#1','BDBL303','QFX5110-48S','JUNIPER','2','1','1','1','103','10301','1030102','3','1','자율주행 플랫폼 팀','SJTP','SJTP','박준호','엄태건','2024-12-01 17:07:23',NULL,NULL,'N'),('NW20210042','오픈랩 L3 스위치#2','BDBL304','QFX5110-48S','JUNIPER','2','1','1','1','103','10301','1030102','3','1','자율주행 플랫폼 팀','SJTP','SJTP','박준호','엄태건','2024-12-01 17:07:23',NULL,NULL,'N'),('NW20210043','외부망 라우터#1','COROT01','EX4300-32F','JUNIPER','2','1','1','1','103','10301','1030102','3','1','자율주행 플랫폼 팀','SJTP','SJTP','박준호','엄태건','2024-12-01 17:07:23',NULL,NULL,'N'),('NW20210044','외부망 라우터#2','COROT02','EX4300-32F','JUNIPER','2','1','1','1','103','10301','1030102','3','1','자율주행 플랫폼 팀','SJTP','SJTP','박준호','엄태건','2024-12-01 17:07:23',NULL,NULL,'N'),('NW20210045','전용선 라우터#1','COROT03','EX4300-32F','JUNIPER','2','1','1','1','103','10301','1030102','3','1','자율주행 플랫폼 팀','SJTP','SJTP','박준호','엄태건','2024-12-01 17:07:23',NULL,NULL,'N'),('NW20210046','전용선 라우터#2','COROT04','EX4300-32F','JUNIPER','2','1','1','1','103','10301','1030102','3','1','자율주행 플랫폼 팀','SJTP','SJTP','박준호','엄태건','2024-12-01 17:07:23',NULL,NULL,'N'),('NW20210047','DMZ L4 스위치#1','COL4S01','Altein 6024','Radeware','2','1','1','1','103','10301','1030103','3','1','자율주행 플랫폼 팀','SJTP','SJTP','박준호','엄태건','2024-12-01 17:07:23',NULL,NULL,'N'),('NW20210048','DMZ L4 스위치#2','COL4S02','Altein 6024','Radeware','2','1','1','1','103','10301','1030103','3','1','자율주행 플랫폼 팀','SJTP','SJTP','박준호','엄태건','2024-12-01 17:07:23',NULL,NULL,'N'),('NW20210049','웹 서비스 L4 스위치#1','COL4S03','Altein 6024','Radeware','2','1','1','1','103','10301','1030103','3','1','자율주행 플랫폼 팀','SJTP','SJTP','박준호','엄태건','2024-12-01 17:07:23',NULL,NULL,'N'),('NW20210050','웹 서비스 L4 스위치#2','COL4S04','Altein 6024','Radeware','2','1','1','1','103','10301','1030103','3','1','자율주행 플랫폼 팀','SJTP','SJTP','박준호','엄태건','2024-12-01 17:07:23',NULL,NULL,'N'),('NW20210051','인피니티스위치#1','COBIFI01','MSB7890','Mellanox','2','1','1','1','103','10301','1030105','3','1','자율주행 플랫폼 팀','SJTP','SJTP','박준호','엄태건','2024-12-01 17:07:23',NULL,NULL,'N'),('NW20210052','인피니티스위치#2','COBIFI02','MSB7890','Mellanox','2','1','1','1','103','10301','1030105','3','1','자율주행 플랫폼 팀','SJTP','SJTP','박준호','엄태건','2024-12-01 17:07:23',NULL,NULL,'N'),('NW20210053','인피니티스위치#3','COBIFI03','MSB7890','Mellanox','2','1','1','1','103','10301','1030105','3','1','자율주행 플랫폼 팀','SJTP','SJTP','박준호','엄태건','2024-12-01 17:07:23',NULL,NULL,'N'),('NW20210054','인피니티스위치#4','COBIFI04','MSB7890','Mellanox','2','1','1','1','103','10301','1030105','3','1','자율주행 플랫폼 팀','SJTP','SJTP','박준호','엄태건','2024-12-01 17:07:23',NULL,NULL,'N'),('SC20210001','외부망 DDOS#1','CODOS01','ONED-5000','WINS','1','1','1','1','102','10205','','3','1','자율주행 플랫폼 팀','SJTP','SJTP','박준호','엄태건','2024-12-01 17:07:23',NULL,NULL,'N'),('SC20210002','외부망 DDOS#2','CODOS02','ONED-5000','WINS','1','1','1','1','102','10205','','3','1','자율주행 플랫폼 팀','SJTP','SJTP','박준호','엄태건','2024-12-01 17:07:23',NULL,NULL,'N'),('SC20210003','내부망 DDOS#1','CODOS03','ONED-5000','WINS','1','1','1','1','102','10205','','3','1','자율주행 플랫폼 팀','SJTP','SJTP','박준호','엄태건','2024-12-01 17:07:23',NULL,NULL,'N'),('SC20210004','내부망 DDOS#2','CODOS04','ONED-5000','WINS','1','1','1','1','102','10205','','3','1','자율주행 플랫폼 팀','SJTP','SJTP','박준호','엄태건','2024-12-01 17:07:23',NULL,NULL,'N'),('SC20210005','외부망 IPS#1','COIPS01','ONE-I 5000','WINS','1','1','1','1','102','10203','','3','1','자율주행 플랫폼 팀','SJTP','SJTP','박준호','엄태건','2024-12-01 17:07:23',NULL,NULL,'N'),('SC20210006','외부망 IPS#2','COIPS02','ONE-I 5000','WINS','1','1','1','1','102','10203','','3','1','자율주행 플랫폼 팀','SJTP','SJTP','박준호','엄태건','2024-12-01 17:07:23',NULL,NULL,'N'),('SC20210007','내부망 IPS#1','COIPS03','ONE-I 5000','WINS','1','1','1','1','102','10203','','3','1','자율주행 플랫폼 팀','SJTP','SJTP','박준호','엄태건','2024-12-01 17:07:23',NULL,NULL,'N'),('SC20210008','내부망 IPS#2','COIPS04','ONE-I 5000','WINS','1','1','1','1','102','10203','','3','1','자율주행 플랫폼 팀','SJTP','SJTP','박준호','엄태건','2024-12-01 17:07:23',NULL,NULL,'N'),('SC20210009','외부망 방화벽#1','COFWS01','NGFW 7300','WINS','1','1','1','1','102','10201','','3','1','자율주행 플랫폼 팀','SJTP','SJTP','박준호','엄태건','2024-12-01 17:07:23',NULL,NULL,'N'),('SC20210010','외부망 방화벽#2','COFWS02','NGFW 7300','WINS','1','1','1','1','102','10201','','3','1','자율주행 플랫폼 팀','SJTP','SJTP','박준호','엄태건','2024-12-01 17:07:23',NULL,NULL,'N'),('SC20210011','자율주행 전용선 방화벽#1','COFWS07','NGFW 7300','WINS','1','1','1','1','102','10201','','3','1','자율주행 플랫폼 팀','SJTP','SJTP','박준호','엄태건','2024-12-01 17:07:23',NULL,NULL,'N'),('SC20210012','자율주행 전용선 방화벽#2','COFWS08','NGFW 7300','WINS','1','1','1','1','102','10201','','3','1','자율주행 플랫폼 팀','SJTP','SJTP','박준호','엄태건','2024-12-01 17:07:23',NULL,NULL,'N'),('SC20210013','자율주행 데이터 서버팜 방화벽#1','COFWS03','NGFW 5510','WINS','1','1','1','1','102','10201','','3','1','자율주행 플랫폼 팀','SJTP','SJTP','박준호','엄태건','2024-12-01 17:07:23',NULL,NULL,'N'),('SC20210014','자율주행 데이터 서버팜 방화벽#2','COFWS04','NGFW 5510','WINS','1','1','1','1','102','10201','','3','1','자율주행 플랫폼 팀','SJTP','SJTP','박준호','엄태건','2024-12-01 17:07:23',NULL,NULL,'N'),('SC20210015','내부관리 방화벽#1','COFWS05','NGFW 5510','WINS','1','1','1','1','102','10201','','3','1','자율주행 플랫폼 팀','SJTP','SJTP','박준호','엄태건','2024-12-01 17:07:23',NULL,NULL,'N'),('SC20210016','내부관리 방화벽#2','COFWS06','NGFW 5510','WINS','1','1','1','1','102','10201','','3','1','자율주행 플랫폼 팀','SJTP','SJTP','박준호','엄태건','2024-12-01 17:07:23',NULL,NULL,'N'),('SC20210017','웹 방화벽#1','COBWFW01','WAPPLES 4000','펜타시큐리티','1','1','1','1','102','10206','','3','1','자율주행 플랫폼 팀','SJTP','SJTP','박준호','엄태건','2024-12-01 17:07:23',NULL,NULL,'N'),('SC20210018','웹 방화벽#2','COBWFW02','WAPPLES 4000','펜타시큐리티','1','1','1','1','102','10206','','3','1','자율주행 플랫폼 팀','SJTP','SJTP','박준호','엄태건','2024-12-01 17:07:23',NULL,NULL,'N'),('SC20210019','도시교통공사 연계VPN','BLVEMAX','NGF 300','SECU I','1','2','1','1','102','10204','','3','1','자율주행 플랫폼 팀','SJTP','SJTP','박준호','엄태건','2024-12-01 17:07:23',NULL,NULL,'N'),('SC20210020','망연계 솔루션#1','COBNCO01','i-oneNET','휴네시온','1','1','1','1','102','10211','','3','1','자율주행 플랫폼 팀','SJTP','SJTP','박준호','엄태건','2024-12-01 17:07:23',NULL,NULL,'N'),('SC20210021','망연계 솔루션#1','COBNCO02','i-oneNET','휴네시온','1','1','1','1','102','10211','','3','1','자율주행 플랫폼 팀','SJTP','SJTP','박준호','엄태건','2024-12-01 17:07:23',NULL,NULL,'N'),('SC20210022','망연계 솔루션#2','COBNCO03','i-oneNET','휴네시온','1','1','1','1','102','10211','','3','1','자율주행 플랫폼 팀','SJTP','SJTP','박준호','엄태건','2024-12-01 17:07:23',NULL,NULL,'N'),('SC20210023','망연계 솔루션#2','COBNCO04','i-oneNET','휴네시온','1','1','1','1','102','10211','','3','1','자율주행 플랫폼 팀','SJTP','SJTP','박준호','엄태건','2024-12-01 17:07:23',NULL,NULL,'N'),('SC20210024','APT#1','COAPT01','APTX-T 5000','WINS','1','1','1','1','102','10213','','3','1','자율주행 플랫폼 팀','SJTP','SJTP','박준호','엄태건','2024-12-01 17:07:23',NULL,NULL,'N'),('SC20210025','APT#2','COAPT02','APTX-T 5000','WINS','1','1','1','1','102','10213','','3','1','자율주행 플랫폼 팀','SJTP','SJTP','박준호','엄태건','2024-12-01 17:07:23',NULL,NULL,'N'),('SC20210026','SSL VPN#1','COSSL01','SECUWAY SSL U7000S','SECUWIZ','1','1','1','1','102','10213','','3','1','자율주행 플랫폼 팀','SJTP','SJTP','박준호','엄태건','2024-12-01 17:07:23',NULL,NULL,'N'),('SC20210027','SSL VPN#2','COSSL02','SECUWAY SSL U7000S','SECUWIZ','1','1','1','1','102','10213','','3','1','자율주행 플랫폼 팀','SJTP','SJTP','박준호','엄태건','2024-12-01 17:07:23',NULL,NULL,'N'),('SC20210028','통합보안관리(TMS)','COTMS','TMS-PLUS V4.0','WINS','1','2','1','1','102','10210','','3','1','자율주행 플랫폼 팀','SJTP','SJTP','박준호','엄태건','2024-12-01 17:07:23',NULL,NULL,'N'),('SC20210029','시스템 접근제어','COBSSO01','NGS','휴네시온','1','2','1','1','102','10207','','3','1','자율주행 플랫폼 팀','SJTP','SJTP','박준호','엄태건','2024-12-01 17:07:23',NULL,NULL,'N'),('SC20210030','자료유출방지(DLP)','COBDLP01','Waterwall System','워터월','1','2','1','1','102','10212','','3','1','자율주행 플랫폼 팀','SJTP','SJTP','박준호','엄태건','2024-12-01 17:07:23',NULL,NULL,'N'),('SC20210031','통합로그관리(SiEM)','COBSEM01','logsaver','디에스앤텍','1','2','1','1','102','10210','','3','1','자율주행 플랫폼 팀','SJTP','SJTP','박준호','엄태건','2024-12-01 17:07:23',NULL,NULL,'N'),('SC20210032','DB 접근제어','COBDBC01','sinsiway','넷맨','1','2','1','1','102','10213','','3','1','자율주행 플랫폼 팀','SJTP','SJTP','박준호','엄태건','2024-12-01 17:07:23',NULL,NULL,'N'),('SC20210033','네트워크 접근제어#1','COBNAC01','Smart NAC','넷맨','1','2','1','1','102','10208','','3','1','자율주행 플랫폼 팀','SJTP','SJTP','박준호','엄태건','2024-12-01 17:07:23',NULL,NULL,'N'),('SC20210034','네트워크 접근제어#2','COBNAC02','Smart NAC','넷맨','1','2','1','1','102','10208','','3','1','자율주행 플랫폼 팀','SJTP','SJTP','박준호','엄태건','2024-12-01 17:07:23',NULL,NULL,'N'),('ST20210001','빅데이터 DB 스토리지','CPBDBS01','ETERNUS DX600 S5 ','FUJITSU','2','2','1','1','104','10401','','3','1','자율주행 플랫폼 팀','SJTP','SJTP','김강현','박준호','2024-12-01 17:07:23',NULL,NULL,'N'),('ST20210002','빅데이터 영상스토리지','CPBDIS01','ETERNUS DX600 S5 ','FUJITSU','2','2','1','1','104','10401','','3','1','자율주행 플랫폼 팀','SJTP','SJTP','김강현','박준호','2024-12-01 17:07:23',NULL,NULL,'N'),('SV20210001','개인정보비식별화 WEB서버#1','PBBWEB01','PRIMERGY RX2540 M5','FUJITSU','2','1','1','1','101','10102','','3','1','자율주행 플랫폼 팀','SJTP','SJTP','김강현','박준호','2024-12-01 17:07:23',NULL,NULL,'N'),('SV20210002','개인정보비식별화 WEB서버#2 / 라벨링-WEB서버#2','PBBWEB02','PRIMERGY RX2540 M5','FUJITSU','2','1','1','1','101','10102','','3','1','자율주행 플랫폼 팀','SJTP','SJTP','김강현','박준호','2024-12-01 17:07:23',NULL,NULL,'N'),('SV20210003','개인정보비식별화 WAS서버#1','PBBWAS01','PRIMERGY RX2540 M5','FUJITSU','2','1','1','1','101','10102','','3','1','자율주행 플랫폼 팀','SJTP','SJTP','김강현','박준호','2024-12-01 17:07:23',NULL,NULL,'N'),('SV20210004','개인정보비식별화 WAS서버#2 / 라벨링-WAS서버#2','PBBWAS02','PRIMERGY RX2540 M5','FUJITSU','2','1','1','1','101','10102','','3','1','자율주행 플랫폼 팀','SJTP','SJTP','김강현','박준호','2024-12-01 17:07:23',NULL,NULL,'N'),('SV20210005','개인정보비식별화 DBMS서버#1 / 라벨링-DBMS서버#1','PBBDBM01','PRIMERGY RX2540 M5','FUJITSU','2','1','1','1','101','10102','','3','1','자율주행 플랫폼 팀','SJTP','SJTP','김강현','박준호','2024-12-01 17:07:23',NULL,NULL,'N'),('SV20210006','개인정보비식별화 DBMS서버#2 / 라벨링-DBMS서버#2','PBBDBM02','PRIMERGY RX2540 M5','FUJITSU','2','1','1','1','101','10102','','3','1','자율주행 플랫폼 팀','SJTP','SJTP','김강현','박준호','2024-12-01 17:07:23',NULL,NULL,'N'),('SV20210007','개인정보 영상비식별화처리서버#1','PBBNID01','PRIMERGY GX2460 M1','FUJITSU','2','1','1','1','101','10102','','3','1','자율주행 플랫폼 팀','SJTP','SJTP','김강현','박준호','2024-12-01 17:07:23',NULL,NULL,'N'),('SV20210008','개인정보 영상비식별화처리서버#2','PBBNID02','PRIMERGY GX2460 M1','FUJITSU','2','1','1','1','101','10102','','3','1','자율주행 플랫폼 팀','SJTP','SJTP','김강현','박준호','2024-12-01 17:07:23',NULL,NULL,'N'),('SV20210009','개인정보 영상비식별화처리서버#3','PBBNID03','PRIMERGY GX2460 M1','FUJITSU','2','1','1','1','101','10102','','3','1','자율주행 플랫폼 팀','SJTP','SJTP','김강현','박준호','2024-12-01 17:07:23',NULL,NULL,'N'),('SV20210010','개인정보 정형데이터비식별화서버','PBBSTN01','PRIMERGY RX2540 M5','FUJITSU','2','2','1','1','101','10102','','3','1','자율주행 플랫폼 팀','SJTP','SJTP','김강현','박준호','2024-12-01 17:07:23',NULL,NULL,'N'),('SV20210011','개인정보비식별화 AI학습서버#1','PBBAIS01','PRIMERGY GX2460 M1','FUJITSU','2','2','1','1','101','10102','','3','1','자율주행 플랫폼 팀','SJTP','SJTP','김강현','박준호','2024-12-01 17:07:23',NULL,NULL,'N'),('SV20210012','공통기반 통합인증서버#1 / 라벨링-통합인증서버#1','COBCER01','PRIMERGY RX2540 M5','FUJITSU','2','1','1','1','101','10102','','3','1','자율주행 플랫폼 팀','SJTP','SJTP','김강현','박준호','2024-12-01 17:07:23',NULL,NULL,'N'),('SV20210013','공통기반 통합인증서버#2 / 라벨링-통합인증서버#2','COBCER02','PRIMERGY RX2540 M5','FUJITSU','2','1','1','1','101','10102','','3','1','자율주행 플랫폼 팀','SJTP','SJTP','김강현','박준호','2024-12-01 17:07:23',NULL,NULL,'N'),('SV20210014','공통기반 통합개발서버','COBTDS01','PRIMERGY RX2540 M5','FUJITSU','2','2','1','1','101','10102','','3','1','자율주행 플랫폼 팀','SJTP','SJTP','김강현','박준호','2024-12-01 17:07:23',NULL,NULL,'N'),('SV20210015','공통기반 GIS서버 / 라벨링-GIS서버','CPBGIS01','PRIMERGY RX2540 M5','FUJITSU','2','2','1','1','101','10102','','3','1','자율주행 플랫폼 팀','SJTP','SJTP','김강현','박준호','2024-12-01 17:07:23',NULL,NULL,'N'),('SV20210016','빅데이터 AI학습서버#1','BPBAIS01','ProLiant XL270d','HPE','2','1','1','1','101','10102','','3','1','자율주행 플랫폼 팀','SJTP','SJTP','김강현','박준호','2024-12-01 17:07:23',NULL,NULL,'N'),('SV20210017','빅데이터 AI학습서버#2','BPBAIS02','ProLiant XL270d','HPE','2','1','1','1','101','10102','','3','1','자율주행 플랫폼 팀','SJTP','SJTP','김강현','박준호','2024-12-01 17:07:23',NULL,NULL,'N'),('SV20210018','빅데이터 관리서버#1','BPBMAN01','PRIMERGY RX2540 M5','FUJITSU','2','1','1','1','101','10102','','3','1','자율주행 플랫폼 팀','SJTP','SJTP','김강현','박준호','2024-12-01 17:07:23',NULL,NULL,'N'),('SV20210019','빅데이터 관리서버#2','BPBMAN02','PRIMERGY RX2540 M5','FUJITSU','2','1','1','1','101','10102','','3','1','자율주행 플랫폼 팀','SJTP','SJTP','김강현','박준호','2024-12-01 17:07:23',NULL,NULL,'N'),('SV20210020','빅데이터 데이터수집서버#1 / 라벨링-데이터수집서버#1','BPBCOL01','PRIMERGY RX2540 M5','FUJITSU','2','1','1','1','101','10102','','3','1','자율주행 플랫폼 팀','SJTP','SJTP','김강현','박준호','2024-12-01 17:07:23',NULL,NULL,'N'),('SV20210021','빅데이터 데이터수집서버#2 / 라벨링-데이터수집서버#2','BPBCOL02','PRIMERGY RX2540 M5','FUJITSU','2','1','1','1','101','10102','','3','1','자율주행 플랫폼 팀','SJTP','SJTP','김강현','박준호','2024-12-01 17:07:23',NULL,NULL,'N'),('SV20210022','빅데이터 분석서버#1','BPBANA01','PRIMERGY GX2460 M1','FUJITSU','2','1','1','1','101','10102','','3','1','자율주행 플랫폼 팀','SJTP','SJTP','김강현','박준호','2024-12-01 17:07:23',NULL,NULL,'N'),('SV20210023','빅데이터 분석서버#2','BPBANA02','PRIMERGY GX2460 M1','FUJITSU','2','1','1','1','101','10102','','3','1','자율주행 플랫폼 팀','SJTP','SJTP','김강현','박준호','2024-12-01 17:07:23',NULL,NULL,'N'),('SV20210024','빅데이터 분석서버#3','BPBANA03','PRIMERGY GX2460 M1','FUJITSU','2','1','1','1','101','10102','','3','1','자율주행 플랫폼 팀','SJTP','SJTP','김강현','박준호','2024-12-01 17:07:23',NULL,NULL,'N'),('SV20210025','빅데이터 분석서버#4','BPBANA04','PRIMERGY GX2460 M1','FUJITSU','2','1','1','1','101','10102','','3','1','자율주행 플랫폼 팀','SJTP','SJTP','김강현','박준호','2024-12-01 17:07:23',NULL,NULL,'N'),('SV20210026','빅데이터 스토리지서버#1','BPBSTS01','PRIMERGY RX2540 M5','FUJITSU','2','1','1','1','101','10102','','3','1','자율주행 플랫폼 팀','SJTP','SJTP','김강현','박준호','2024-12-01 17:07:23',NULL,NULL,'N'),('SV20210027','빅데이터 스토리지서버#2','BPBSTS02','PRIMERGY RX2540 M5','FUJITSU','2','1','1','1','101','10102','','3','1','자율주행 플랫폼 팀','SJTP','SJTP','김강현','박준호','2024-12-01 17:07:23',NULL,NULL,'N'),('SV20210028','빅데이터 스토리지서버#3','BPBSTS03','PRIMERGY RX2540 M5','FUJITSU','2','1','1','1','101','10102','','3','1','자율주행 플랫폼 팀','SJTP','SJTP','김강현','박준호','2024-12-01 17:07:23',NULL,NULL,'N'),('SV20210029','빅데이터 스토리지서버#4','BPBSTS04','PRIMERGY RX2540 M5','FUJITSU','2','1','1','1','101','10102','','3','1','자율주행 플랫폼 팀','SJTP','SJTP','김강현','박준호','2024-12-01 17:07:23',NULL,NULL,'N'),('SV20210030','빅데이터 스토리지서버#5','BPBSTS05','PRIMERGY RX2540 M5','FUJITSU','2','1','1','1','101','10102','','3','1','자율주행 플랫폼 팀','SJTP','SJTP','김강현','박준호','2024-12-01 17:07:23',NULL,NULL,'N'),('SV20210031','빅데이터 스토리지서버#6','BPBSTS06','PRIMERGY RX2540 M5','FUJITSU','2','1','1','1','101','10102','','3','1','자율주행 플랫폼 팀','SJTP','SJTP','김강현','박준호','2024-12-01 17:07:23',NULL,NULL,'N'),('SV20210032','빅데이터 스토리지서버#7','BPBSTS07','PRIMERGY RX2540 M5','FUJITSU','2','1','1','1','101','10102','','3','1','자율주행 플랫폼 팀','SJTP','SJTP','김강현','박준호','2024-12-01 17:07:23',NULL,NULL,'N'),('SV20210033','빅데이터 스토리지서버#8','BPBSTS08','PRIMERGY RX2540 M5','FUJITSU','2','1','1','1','101','10102','','3','1','자율주행 플랫폼 팀','SJTP','SJTP','김강현','박준호','2024-12-01 17:07:23',NULL,NULL,'N'),('SV20210034','빅데이터 스토리지서버#9','BPBSTS09','PRIMERGY RX2540 M5','FUJITSU','2','1','1','1','101','10102','','3','1','자율주행 플랫폼 팀','SJTP','SJTP','김강현','박준호','2024-12-01 17:07:23',NULL,NULL,'N'),('SV20210035','빅데이터 스토리지서버#10','BPBSTS10','PRIMERGY RX2540 M5','FUJITSU','2','1','1','1','101','10102','','3','1','자율주행 플랫폼 팀','SJTP','SJTP','김강현','박준호','2024-12-01 17:07:23',NULL,NULL,'N'),('SV20210036','빅데이터 스토리지서버#11','BPBSTS11','PRIMERGY RX2540 M5','FUJITSU','2','1','1','1','101','10102','','3','1','자율주행 플랫폼 팀','SJTP','SJTP','김강현','박준호','2024-12-01 17:07:23',NULL,NULL,'N'),('SV20210037','빅데이터 스토리지서버#12','BPBSTS12','PRIMERGY RX2540 M5','FUJITSU','2','1','1','1','101','10102','','3','1','자율주행 플랫폼 팀','SJTP','SJTP','김강현','박준호','2024-12-01 17:07:23',NULL,NULL,'N'),('SV20210038','빅데이터 스토리지서버#13','BPBSTS13','PRIMERGY RX2540 M5','FUJITSU','2','1','1','1','101','10102','','3','1','자율주행 플랫폼 팀','SJTP','SJTP','김강현','박준호','2024-12-01 17:07:23',NULL,NULL,'N'),('SV20210039','빅데이터 스토리지서버#14','BPBSTS14','PRIMERGY RX2540 M5','FUJITSU','2','1','1','1','101','10102','','3','1','자율주행 플랫폼 팀','SJTP','SJTP','김강현','박준호','2024-12-01 17:07:23',NULL,NULL,'N'),('SV20210040','빅데이터 스토리지서버#15','BPBSTS15','PRIMERGY RX2540 M5','FUJITSU','2','1','1','1','101','10102','','3','1','자율주행 플랫폼 팀','SJTP','SJTP','김강현','박준호','2024-12-01 17:07:23',NULL,NULL,'N'),('SV20210041','빅데이터 스토리지서버#16','BPBSTS16','PRIMERGY RX2540 M5','FUJITSU','2','1','1','1','101','10102','','3','1','자율주행 플랫폼 팀','SJTP','SJTP','김강현','박준호','2024-12-01 17:07:23',NULL,NULL,'N'),('SV20210042','빅데이터 스토리지서버#17','BPBSTS17','PRIMERGY RX2540 M5','FUJITSU','2','1','1','1','101','10102','','3','1','자율주행 플랫폼 팀','SJTP','SJTP','김강현','박준호','2024-12-01 17:07:23',NULL,NULL,'N'),('SV20210043','빅데이터 스토리지서버#18','BPBSTS18','PRIMERGY RX2540 M5','FUJITSU','2','1','1','1','101','10102','','3','1','자율주행 플랫폼 팀','SJTP','SJTP','김강현','박준호','2024-12-01 17:07:23',NULL,NULL,'N'),('SV20210044','빅데이터 스토리지서버#19','BPBSTS19','PRIMERGY RX2540 M5','FUJITSU','2','1','1','1','101','10102','','3','1','자율주행 플랫폼 팀','SJTP','SJTP','김강현','박준호','2024-12-01 17:07:23',NULL,NULL,'N'),('SV20210045','빅데이터 스토리지서버#20','BPBSTS20','PRIMERGY RX2540 M5','FUJITSU','2','1','1','1','101','10102','','3','1','자율주행 플랫폼 팀','SJTP','SJTP','김강현','박준호','2024-12-01 17:07:23',NULL,NULL,'N'),('SV20210046','빅데이터 스토리지서버#21','BPBSTS21','PRIMERGY RX2540 M5','FUJITSU','2','1','1','1','101','10102','','3','1','자율주행 플랫폼 팀','SJTP','SJTP','김강현','박준호','2024-12-01 17:07:23',NULL,NULL,'N'),('SV20210047','빅데이터 스토리지서버#22','BPBSTS22','PRIMERGY RX2540 M5','FUJITSU','2','1','1','1','101','10102','','3','1','자율주행 플랫폼 팀','SJTP','SJTP','김강현','박준호','2024-12-01 17:07:23',NULL,NULL,'N'),('SV20210048','빅데이터 스토리지서버#23','BPBSTS23','PRIMERGY RX2540 M5','FUJITSU','2','1','1','1','101','10102','','3','1','자율주행 플랫폼 팀','SJTP','SJTP','김강현','박준호','2024-12-01 17:07:23',NULL,NULL,'N'),('SV20210049','빅데이터 스토리지서버#24','BPBSTS24','PRIMERGY RX2540 M5','FUJITSU','2','1','1','1','101','10102','','3','1','자율주행 플랫폼 팀','SJTP','SJTP','김강현','박준호','2024-12-01 17:07:23',NULL,NULL,'N'),('SV20210050','빅데이터 스토리지서버#25','BPBSTS25','PRIMERGY RX2540 M5','FUJITSU','2','1','1','1','101','10102','','3','1','자율주행 플랫폼 팀','SJTP','SJTP','김강현','박준호','2024-12-01 17:07:23',NULL,NULL,'N'),('SV20210051','빅데이터 스토리지서버#26','BPBSTS26','PRIMERGY RX2540 M5','FUJITSU','2','1','1','1','101','10102','','3','1','자율주행 플랫폼 팀','SJTP','SJTP','김강현','박준호','2024-12-01 17:07:23',NULL,NULL,'N'),('SV20210052','빅데이터 외부연계서버#1','BPBLNK01','PRIMERGY RX2540 M5','FUJITSU','2','1','1','1','101','10102','','3','1','자율주행 플랫폼 팀','SJTP','SJTP','김강현','박준호','2024-12-01 17:07:23',NULL,NULL,'N'),('SV20210053','빅데이터 내부연계서버#2 / 라벨링-내부연계서버','BPBLNK02','PRIMERGY RX2540 M5','FUJITSU','2','1','1','1','101','10102','','3','1','자율주행 플랫폼 팀','SJTP','SJTP','김강현','박준호','2024-12-01 17:07:23',NULL,NULL,'N'),('SV20210054','빅데이터 개발서버#1','BPBDEV01.SJTP.OR.KR','PRIMERGY RX2540 M5','FUJITSU','2','2','1','1','101','10102','','3','1','자율주행 플랫폼 팀','SJTP','SJTP','김강현','박준호','2024-12-01 17:07:23',NULL,NULL,'N'),('SV20210055','관제센터 모니터링서버 / 라벨링-모니터링 서버','CPBMON01','PRIMERGY RX2540 M5','FUJITSU','2','2','1','1','101','10102','','3','1','자율주행 플랫폼 팀','SJTP','SJTP','김강현','박준호','2024-12-01 17:07:23',NULL,NULL,'N'),('SV20210056','자율주행 적재서버#1 / 라벨링-적재서버','ATDGTT01','PRIMERGY RX2540 M5','FUJITSU','2','1','1','1','101','10102','','3','1','자율주행 플랫폼 팀','SJTP','SJTP','김강현','박준호','2024-12-01 17:07:23',NULL,NULL,'N'),('SV20210057','자율주행 적재서버#2 / 라벨링-적재서버#2','ATDGTT02','PRIMERGY RX2540 M5','FUJITSU','2','1','1','1','101','10102','','3','1','자율주행 플랫폼 팀','SJTP','SJTP','김강현','박준호','2024-12-01 17:07:23',NULL,NULL,'N'),('SV20210058','자율주행 적재서버#3','ATDGTT03','PRIMERGY RX2540 M5','FUJITSU','2','1','1','1','101','10102','','3','1','자율주행 플랫폼 팀','SJTP','SJTP','김강현','박준호','2024-12-01 17:07:23',NULL,NULL,'N'),('SV20210059','자율주행 DBMS서버#1 / 라벨링-DBMS서버#1','ATDDBM01','PRIMERGY RX2540 M5','FUJITSU','2','1','1','1','101','10102','','3','1','자율주행 플랫폼 팀','SJTP','SJTP','김강현','박준호','2024-12-01 17:07:23',NULL,NULL,'N'),('SV20210060','자율주행 DBMS서버#2 / 라벨링-DBMS서버#2','ATDDBM02','PRIMERGY RX2540 M5','FUJITSU','2','1','1','1','101','10102','','3','1','자율주행 플랫폼 팀','SJTP','SJTP','김강현','박준호','2024-12-01 17:07:23',NULL,NULL,'N'),('SV20210061','자율주행 WAS서버#1 / 라벨링-WAS서버','ATDWAS01','PRIMERGY RX2540 M5','FUJITSU','2','1','1','1','101','10102','','3','1','자율주행 플랫폼 팀','SJTP','SJTP','김강현','박준호','2024-12-01 17:07:23',NULL,NULL,'N'),('SV20210062','자율주행 WAS서버#2 / 라벨링-WAS서버#2','ATDWAS02','PRIMERGY RX2540 M5','FUJITSU','2','1','1','1','101','10102','','3','1','자율주행 플랫폼 팀','SJTP','SJTP','김강현','박준호','2024-12-01 17:07:23',NULL,NULL,'N'),('SV20210063','자율주행 WEB서버#1 / WEB서버#1','ATDWEB01','PRIMERGY RX2540 M5','FUJITSU','2','1','1','1','101','10102','','3','1','자율주행 플랫폼 팀','SJTP','SJTP','김강현','박준호','2024-12-01 17:07:23',NULL,NULL,'N'),('SV20210064','자율주행 WEB서버#2 / 라벨링-WEB서버#2','ATDWEB02','PRIMERGY RX2540 M5','FUJITSU','2','1','1','1','101','10102','','3','1','자율주행 플랫폼 팀','SJTP','SJTP','김강현','박준호','2024-12-01 17:07:23',NULL,NULL,'N'),('SV20210065','자율주행 분산메시지서버#1','ATDDMS01','PRIMERGY RX2540 M5','FUJITSU','2','1','1','1','101','10102','','3','1','자율주행 플랫폼 팀','SJTP','SJTP','김강현','박준호','2024-12-01 17:07:23',NULL,NULL,'N'),('SV20210066','자율주행 분산메시지서버#2','ATDDMS02','PRIMERGY RX2540 M5','FUJITSU','2','1','1','1','101','10102','','3','1','자율주행 플랫폼 팀','SJTP','SJTP','김강현','박준호','2024-12-01 17:07:23',NULL,NULL,'N'),('SV20210067','자율주행 분산메시지서버#3','ATDDMS03','PRIMERGY RX2540 M5','FUJITSU','2','1','1','1','101','10102','','3','1','자율주행 플랫폼 팀','SJTP','SJTP','김강현','박준호','2024-12-01 17:07:23',NULL,NULL,'N'),('SV20210068','자율주행 영상분배서버','ATDVDS01','PRIMERGY RX2540 M5','FUJITSU','2','2','1','1','101','10102','','3','1','자율주행 플랫폼 팀','SJTP','SJTP','김강현','박준호','2024-12-01 17:07:23',NULL,NULL,'N'),('SV20210069','자료전송 WAS서버#1 / 라벨링-WAS서버#1','DTPWAS01','PRIMERGY RX2540 M5','FUJITSU','2','2','1','1','101','10102','','3','1','자율주행 플랫폼 팀','SJTP','SJTP','김강현','박준호','2024-12-01 17:07:23',NULL,NULL,'N'),('SV20210070','오픈랩 AI학습서버#1','OPBAIS01','PRIMERGY GX2460 M1','FUJITSU','2','1','1','1','101','10102','','3','1','자율주행 플랫폼 팀','SJTP','SJTP','김강현','박준호','2024-12-01 17:07:23',NULL,NULL,'N'),('SV20210071','오픈랩 AI학습서버#2','OPBAIS02','PRIMERGY GX2460 M1','FUJITSU','2','1','1','1','101','10102','','3','1','자율주행 플랫폼 팀','SJTP','SJTP','김강현','박준호','2024-12-01 17:07:23',NULL,NULL,'N'),('SV20210072','오픈랩 WEB서버#1 / 라벨링 WEB서버#1','OPBWEB01','PRIMERGY RX2540 M5','FUJITSU','2','1','1','1','101','10102','','3','1','자율주행 플랫폼 팀','SJTP','SJTP','김강현','박준호','2024-12-01 17:07:23',NULL,NULL,'N'),('SV20210073','오픈랩 WEB서버#2 / 라벨링-WEB서버#2','OPBWEB02','PRIMERGY RX2540 M5','FUJITSU','2','1','1','1','101','10102','','3','1','자율주행 플랫폼 팀','SJTP','SJTP','김강현','박준호','2024-12-01 17:07:23',NULL,NULL,'N'),('SV20210074','오픈랩 WAS서버#1','OPBWAS01','PRIMERGY RX2540 M5','FUJITSU','2','1','1','1','101','10102','','3','1','자율주행 플랫폼 팀','SJTP','SJTP','김강현','박준호','2024-12-01 17:07:23',NULL,NULL,'N'),('SV20210075','오픈랩 WAS서버#2','OPBWAS02','PRIMERGY RX2540 M5','FUJITSU','2','1','1','1','101','10102','','3','1','자율주행 플랫폼 팀','SJTP','SJTP','김강현','박준호','2024-12-01 17:07:23',NULL,NULL,'N'),('SV20210076','오픈랩 DBMS서버#1','OPHDBM01','PRIMERGY RX2540 M5','FUJITSU','2','1','1','1','101','10102','','3','1','자율주행 플랫폼 팀','SJTP','SJTP','김강현','박준호','2024-12-01 17:07:23',NULL,NULL,'N'),('SV20210077','오픈랩 DBMS서버#2','OPHDBM02','PRIMERGY RX2540 M5','FUJITSU','2','1','1','1','101','10102','','3','1','자율주행 플랫폼 팀','SJTP','SJTP','김강현','박준호','2024-12-01 17:07:23',NULL,NULL,'N'),('SV20210078','오픈랩 고도화분석서버#1','OPHANA01','PRIMERGY GX2460 M1','FUJITSU','2','1','1','1','101','10102','','3','1','자율주행 플랫폼 팀','SJTP','SJTP','김강현','박준호','2024-12-01 17:07:23',NULL,NULL,'N'),('SV20210079','오픈랩 고도화분석서버#2','OPHANA02','PRIMERGY GX2460 M1','FUJITSU','2','1','1','1','101','10102','','3','1','자율주행 플랫폼 팀','SJTP','SJTP','김강현','박준호','2024-12-01 17:07:23',NULL,NULL,'N'),('SV20210080','오픈랩 고도화분석서버#3','OPHANA03','PRIMERGY GX2460 M1','FUJITSU','2','1','1','1','101','10102','','3','1','자율주행 플랫폼 팀','SJTP','SJTP','김강현','박준호','2024-12-01 17:07:23',NULL,NULL,'N'),('SV20210081','오픈랩 고도화분석서버#4','OPHANA04','PRIMERGY GX2460 M1','FUJITSU','2','1','1','1','101','10102','','3','1','자율주행 플랫폼 팀','SJTP','SJTP','김강현','박준호','2024-12-01 17:07:23',NULL,NULL,'N'),('SV20210082','오픈랩 분석서버#1','OPBANA01','PRIMERGY GX2460 M1','FUJITSU','2','1','1','1','101','10102','','3','1','자율주행 플랫폼 팀','SJTP','SJTP','김강현','박준호','2024-12-01 17:07:23',NULL,NULL,'N'),('SV20210083','오픈랩 분석서버#2','OPBANA02','PRIMERGY GX2460 M1','FUJITSU','2','1','1','1','101','10102','','3','1','자율주행 플랫폼 팀','SJTP','SJTP','김강현','박준호','2024-12-01 17:07:23',NULL,NULL,'N'),('SV20210084','오픈랩 스토리지서버#1','OPBSTS01','PRIMERGY RX2540 M5','FUJITSU','2','1','1','1','101','10102','','3','1','자율주행 플랫폼 팀','SJTP','SJTP','김강현','박준호','2024-12-01 17:07:23',NULL,NULL,'N'),('SV20210085','오픈랩 스토리지서버#2','OPBSTS02','PRIMERGY RX2540 M5','FUJITSU','2','1','1','1','101','10102','','3','1','자율주행 플랫폼 팀','SJTP','SJTP','김강현','박준호','2024-12-01 17:07:23',NULL,NULL,'N'),('SV20210086','오픈랩 스토리지서버#3','OPBSTS03','PRIMERGY RX2540 M5','FUJITSU','2','1','1','1','101','10102','','3','1','자율주행 플랫폼 팀','SJTP','SJTP','김강현','박준호','2024-12-01 17:07:23',NULL,NULL,'N'),('SV20210087','오픈랩고도화 AI학습서버#1','OPHAIS01','ProLiant XL270d','HPE','2','1','1','1','101','10102','','3','1','자율주행 플랫폼 팀','SJTP','SJTP','김강현','박준호','2024-12-01 17:07:23',NULL,NULL,'N'),('SV20210088','오픈랩고도화 AI학습서버#2','OPHAIS02','ProLiant XL270d','HPE','2','1','1','1','101','10102','','3','1','자율주행 플랫폼 팀','SJTP','SJTP','김강현','박준호','2024-12-01 17:07:23',NULL,NULL,'N'),('SV20210089','오픈랩고도화 AI학습서버#3','OPHAIS03','ProLiant XL270d','HPE','2','1','1','1','101','10102','','3','1','자율주행 플랫폼 팀','SJTP','SJTP','김강현','박준호','2024-12-01 17:07:23',NULL,NULL,'N'),('SV20210090','오픈랩고도화 AI학습서버#4','OPHAIS04','ProLiant XL270d','HPE','2','1','1','1','101','10102','','3','1','자율주행 플랫폼 팀','SJTP','SJTP','김강현','박준호','2024-12-01 17:07:23',NULL,NULL,'N'),('SV20210091','오픈랩고도화 대화형사용자대응서버','OPBCAT01','PRIMERGY RX2540 M5','FUJITSU','2','2','1','1','101','10102','','3','1','자율주행 플랫폼 팀','SJTP','SJTP','김강현','박준호','2024-12-01 17:07:23',NULL,NULL,'N'),('SV20210092','오픈랩 메시지서버','OSBMES01','PRIMERGY RX2540 M5','FUJITSU','2','2','1','1','101','10102','','3','1','자율주행 플랫폼 팀','SJTP','SJTP','김강현','박준호','2024-12-01 17:07:23',NULL,NULL,'N'),('SV20210093','오픈API WEB서버#1 / 라벨링 - 홈페이지 web서버#1','APBHWB01','PRIMERGY RX2540 M5','FUJITSU','2','1','1','1','101','10102','','3','1','자율주행 플랫폼 팀','SJTP','SJTP','김강현','박준호','2024-12-01 17:07:23',NULL,NULL,'N'),('SV20210094','오픈API WEB서버#2 / 라벨링-홈페이지 web서버#2','APBHWB02','PRIMERGY RX2540 M5','FUJITSU','2','1','1','1','101','10102','','3','1','자율주행 플랫폼 팀','SJTP','SJTP','김강현','박준호','2024-12-01 17:07:23',NULL,NULL,'N'),('SV20210095','오픈API WAS서버#1 / 라벨링-홈페이지was서버#1','APBHWS01','PRIMERGY RX2540 M5','FUJITSU','2','1','1','1','101','10102','','3','1','자율주행 플랫폼 팀','SJTP','SJTP','김강현','박준호','2024-12-01 17:07:23',NULL,NULL,'N'),('SV20210096','오픈API WAS서버#2 / 라벨링-홈페이지WAS서버#2','APBHWS02','PRIMERGY RX2540 M5','FUJITSU','2','1','1','1','101','10102','','3','1','자율주행 플랫폼 팀','SJTP','SJTP','김강현','박준호','2024-12-01 17:07:23',NULL,NULL,'N'),('SV20210097','오픈API DBMS서버#1 / 라벨링-DBMS서버#1','APBDBM01','PRIMERGY RX2540 M5','FUJITSU','2','1','1','1','101','10102','','3','1','자율주행 플랫폼 팀','SJTP','SJTP','김강현','박준호','2024-12-01 17:07:23',NULL,NULL,'N'),('SV20210098','오픈API DBMS서버#2 / 라벨링-DBMS서버#2','APBDBM02','PRIMERGY RX2540 M5','FUJITSU','2','1','1','1','101','10102','','3','1','자율주행 플랫폼 팀','SJTP','SJTP','김강현','박준호','2024-12-01 17:07:23',NULL,NULL,'N'),('SV20210099','LDM 서버','LDMSEJONG','Appliance','intel','2','2','1','1','101','10102','','3','1','자율주행 플랫폼 팀','SJTP','SJTP','김강현','박준호','2024-12-01 17:07:23',NULL,NULL,'N'),('SV20210100','NASGATEWAY서버','NSTATION.COM','PRIMERGY RX2530 M5','FUJITSU','2','2','1','1','101','10102','','3','1','자율주행 플랫폼 팀','SJTP','SJTP','김강현','박준호','2024-12-01 17:07:23',NULL,NULL,'N'),('SV20210101','서버보안매니저서버','CPBSSM01','SP7-2104P','이슬림코리아','1','2','1','1','101','10102','','3','1','자율주행 플랫폼 팀','SJTP','SJTP','김강현','박준호','2024-12-01 17:07:23',NULL,NULL,'N');
/*!40000 ALTER TABLE `equipment_basic` ENABLE KEYS */;
UNLOCK TABLES;

--
-- Table structure for table `equipment_categories`
--

DROP TABLE IF EXISTS `equipment_categories`;
/*!40101 SET @saved_cs_client     = @@character_set_client */;
/*!40101 SET character_set_client = utf8 */;
CREATE TABLE `equipment_categories` (
  `id` int(11) NOT NULL AUTO_INCREMENT,
  `config_category` varchar(30) DEFAULT NULL COMMENT '구성분류',
  `config_id` varchar(1) DEFAULT NULL COMMENT '구성 id',
  `asset_category` varchar(30) DEFAULT NULL COMMENT '자산분류',
  `asset_id` varchar(3) DEFAULT NULL COMMENT '자산 id',
  `sub_category` varchar(30) DEFAULT NULL COMMENT '자산세부분류',
  `sub_id` varchar(5) DEFAULT NULL COMMENT '자산세부  id',
  `detail_category` varchar(30) DEFAULT NULL COMMENT '자산상세분류',
  `detail_id` varchar(7) DEFAULT NULL COMMENT '자산상세 id',
  `categories` varchar(2) DEFAULT NULL COMMENT '장비 구성 키워드',
  PRIMARY KEY (`id`)
) ENGINE=InnoDB AUTO_INCREMENT=88 DEFAULT CHARSET=utf8 COMMENT='장비 카테고리 그룹';
/*!40101 SET character_set_client = @saved_cs_client */;

--
-- Dumping data for table `equipment_categories`
--

LOCK TABLES `equipment_categories` WRITE;
/*!40000 ALTER TABLE `equipment_categories` DISABLE KEYS */;
INSERT INTO `equipment_categories` VALUES (1,'하드웨어(H/W)','1','서버','101','x86 서버','10101',NULL,'','SV'),(2,'하드웨어(H/W)','1','서버','101','단순 서버','10102',NULL,'','SV'),(3,'하드웨어(H/W)','1','서버','101','통합 서버','10103',NULL,'','SV'),(4,'하드웨어(H/W)','1','보안장비','102','방화벽(Firewall)','10201',NULL,'','SE'),(5,'하드웨어(H/W)','1','보안장비','102','침입탐지(IDS)','10202',NULL,'','SE'),(6,'하드웨어(H/W)','1','보안장비','102','침입방지(IPS)','10203',NULL,'','SE'),(7,'하드웨어(H/W)','1','보안장비','102','가상사설망(VPN)','10204',NULL,'','SE'),(8,'하드웨어(H/W)','1','보안장비','102','DDoS 대응장비','10205',NULL,'','SE'),(9,'하드웨어(H/W)','1','보안장비','102','웹 방화벽(WAF)','10206',NULL,'','SE'),(10,'하드웨어(H/W)','1','보안장비','102','시스템접근제어','10207',NULL,'','SE'),(11,'하드웨어(H/W)','1','보안장비','102','네트워크 접근제어(NAC)','10208',NULL,'','SE'),(12,'하드웨어(H/W)','1','보안장비','102','통합로그관리(SiEM)','10209',NULL,'','SE'),(13,'하드웨어(H/W)','1','보안장비','102','통합보안관리(TMS)','10210',NULL,'','SE'),(14,'하드웨어(H/W)','1','보안장비','102','망연계솔류션','10211',NULL,'','SE'),(15,'하드웨어(H/W)','1','보안장비','102','자료유출방지(DLP)','10212',NULL,'','SE'),(16,'하드웨어(H/W)','1','보안장비','102','기타','10213',NULL,'','SE'),(17,'하드웨어(H/W)','1','네트워크','103','스위치','10301','L2스위치','1030101','NW'),(18,'하드웨어(H/W)','1','네트워크','103','스위치','10301','L3스위치','1030102','NW'),(19,'하드웨어(H/W)','1','네트워크','103','스위치','10301','L4스위치','1030103','NW'),(20,'하드웨어(H/W)','1','네트워크','103','스위치','10301','L7스위치','1030104','NW'),(21,'하드웨어(H/W)','1','네트워크','103','스위치','10301','데이터센터스위치','1030105','NW'),(22,'하드웨어(H/W)','1','네트워크','103','라우터','10302',NULL,'','NW'),(23,'하드웨어(H/W)','1','네트워크','103','가속기','10303','WEB 가속기','1030301','NW'),(24,'하드웨어(H/W)','1','네트워크','103','가속기','10303','SSL 가속기','1030302','NW'),(25,'하드웨어(H/W)','1','네트워크','103','IP 수집기','10304',NULL,'','NW'),(26,'하드웨어(H/W)','1','네트워크','103','광 네트워크 전송장비','10305',NULL,'','NW'),(27,'하드웨어(H/W)','1','네트워크','103','기타','10306',NULL,'','NW'),(28,'하드웨어(H/W)','1','스토리지 장비','104','스토리지 장치','10401',NULL,'','ST'),(29,'하드웨어(H/W)','1','스토리지 장비','104','SAN 스위치','10402',NULL,'','ST'),(30,'하드웨어(H/W)','1','스토리지 장비','104','NAS Gateway','10403',NULL,'','ST'),(31,'하드웨어(H/W)','1','백업장비','105','PTL 백업','10501',NULL,'','BA'),(32,'하드웨어(H/W)','1','백업장비','105','VTL 백업','10502',NULL,'','BA'),(33,'하드웨어(H/W)','1','기타장비','106','데스크탑','10601',NULL,'','ET'),(34,'하드웨어(H/W)','1','기타장비','106','노트북','10602',NULL,'','ET'),(35,'하드웨어(H/W)','1','기타장비','106','KVM','10603',NULL,'','ET'),(36,'하드웨어(H/W)','1','기타장비','106','콘솔','10604',NULL,'','ET'),(37,'하드웨어(H/W)','1','기타장비','106','외장백업','10605',NULL,'','ET'),(38,'하드웨어(H/W)','1','기타장비','106','기타','10606',NULL,'','ET'),(39,'소프트웨어(S/W)','2','시스템 S/W','201','운영체제','20101','유닉스','2010101','SW'),(40,'소프트웨어(S/W)','2','시스템 S/W','201','운영체제','20101','리눅스','2010102','SW'),(41,'소프트웨어(S/W)','2','시스템 S/W','201','운영체제','20101','윈도우','2010103','SW'),(42,'소프트웨어(S/W)','2','시스템 S/W','201','운영체제','20101','클라우드 OS','2010104','SW'),(43,'소프트웨어(S/W)','2','시스템 S/W','201','HA용 SW','20102','OS 클러스터','2010201','SW'),(44,'소프트웨어(S/W)','2','시스템 S/W','201','HA용 SW','20102','DB 클러스터','2010202','SW'),(45,'소프트웨어(S/W)','2','시스템 S/W','201','HA용 SW','20102','스토리지공유솔류션','2010203','SW'),(46,'소프트웨어(S/W)','2','미들웨어','202','WEB','20201',NULL,'','SW'),(47,'소프트웨어(S/W)','2','미들웨어','202','WAS','20202',NULL,'','SW'),(48,'소프트웨어(S/W)','2','미들웨어','202','TP 모니터','20203',NULL,'','SW'),(49,'소프트웨어(S/W)','2','미들웨어','202','연계통합솔류션(EAI)','20204',NULL,'','SW'),(50,'소프트웨어(S/W)','2','DB관리','203','DBMS','20301',NULL,'','SW'),(51,'소프트웨어(S/W)','2','DB관리','203','DB도구','20302',NULL,'','SW'),(52,'소프트웨어(S/W)','2','백업관리','204','데이터 백업','20401',NULL,'','SW'),(53,'소프트웨어(S/W)','2','백업관리','204','OS 전용 백업','20402',NULL,'','SW'),(54,'소프트웨어(S/W)','2','백업관리','204','복제 전용','20403',NULL,'','SW'),(55,'소프트웨어(S/W)','2','백업관리','204','아카이브관리','20404',NULL,'','SW'),(56,'소프트웨어(S/W)','2','정보보호','205','문서보안','20501',NULL,'','SW'),(57,'소프트웨어(S/W)','2','정보보호','205','서버보안','20502',NULL,'','SW'),(58,'소프트웨어(S/W)','2','정보보호','205','DB보안','20503',NULL,'','SW'),(59,'소프트웨어(S/W)','2','정보보호','205','백신','20504',NULL,'','SW'),(60,'소프트웨어(S/W)','2','정보보호','205','스팸차단','20505',NULL,'','SW'),(61,'소프트웨어(S/W)','2','정보보호','205','개인정보보호','20506',NULL,'','SW'),(62,'소프트웨어(S/W)','2','정보보호','205','입력보안','20507',NULL,'','SW'),(63,'소프트웨어(S/W)','2','정보보호','205','저장매체보안','20508',NULL,'','SW'),(64,'소프트웨어(S/W)','2','정보보호','205','사이버침해분석','20509',NULL,'','SW'),(65,'소프트웨어(S/W)','2','정보보호','205','망간연동','20510',NULL,'','SW'),(66,'소프트웨어(S/W)','2','정보보호','205','비밀번호관리','20511',NULL,'','SW'),(67,'소프트웨어(S/W)','2','정보보호','205','위변조차단','20512',NULL,'','SW'),(68,'소프트웨어(S/W)','2','정보보호','205','접속인증','20513',NULL,'','SW'),(69,'소프트웨어(S/W)','2','관제','206','SMS','20601',NULL,'','SW'),(70,'소프트웨어(S/W)','2','관제','206','NMS','20602',NULL,'','SW'),(71,'소프트웨어(S/W)','2','관제','206','ESM','20602',NULL,'','SW'),(72,'소프트웨어(S/W)','2','관제','206','APM','20603',NULL,'','SW'),(73,'소프트웨어(S/W)','2','관제','206','DPM','20604',NULL,'','SW'),(74,'소프트웨어(S/W)','2','가상화 SW','207','서버가상화 SW','20701',NULL,'','SW'),(75,'소프트웨어(S/W)','2','가상화 SW','207','저장장치 가상화 SW','20702',NULL,'','SW'),(76,'소프트웨어(S/W)','2','가상화 SW','207','보안 가상화 SW','20703',NULL,'','SW'),(77,'소프트웨어(S/W)','2','가상화 SW','207','네트워크 가상화 SW','20704',NULL,'','SW'),(78,'소프트웨어(S/W)','2','응용 SW','208','업무관리','20801',NULL,'','SW'),(79,'소프트웨어(S/W)','2','응용 SW','208','데이터관리','20802',NULL,'','SW'),(80,'소프트웨어(S/W)','2','응용 SW','208','AP 개발도구','20803',NULL,'','SW'),(81,'소프트웨어(S/W)','2','응용 SW','208','기타','20804',NULL,'','SW'),(82,'소프트웨어(S/W)','2','개발 SW','209','개발 SW','20901',NULL,'','SW'),(83,'하드웨어(H/W)','1','전산기반시설','107','영상/음향/교환','10701',NULL,'','FC'),(84,'하드웨어(H/W)','1','전산기반시설','107','보안설비','10702',NULL,'','FC'),(85,'하드웨어(H/W)','1','전산기반시설','107','소방설비','10703',NULL,'','FC'),(86,'하드웨어(H/W)','1','전산기반시설','107','전원설비','10704',NULL,'','FC'),(87,'하드웨어(H/W)','1','전산기반시설','107','공조설비','10705',NULL,'','FC');
/*!40000 ALTER TABLE `equipment_categories` ENABLE KEYS */;
UNLOCK TABLES;

--
-- Temporary table structure for view `equipment_cost_view`
--

DROP TABLE IF EXISTS `equipment_cost_view`;
/*!50001 DROP VIEW IF EXISTS `equipment_cost_view`*/;
SET @saved_cs_client     = @@character_set_client;
SET character_set_client = utf8;
/*!50001 CREATE TABLE `equipment_cost_view` (
  `hw_cost` tinyint NOT NULL,
  `sw_cost` tinyint NOT NULL
) ENGINE=MyISAM */;
SET character_set_client = @saved_cs_client;

--
-- Table structure for table `equipment_detail`
--

DROP TABLE IF EXISTS `equipment_detail`;
/*!40101 SET @saved_cs_client     = @@character_set_client */;
/*!40101 SET character_set_client = utf8 */;
CREATE TABLE `equipment_detail` (
  `eqp_manage_id` varchar(10) NOT NULL COMMENT '장비 관리번호',
  `CPU` varchar(50) DEFAULT NULL COMMENT 'CPU',
  `MEMORY` varchar(50) DEFAULT NULL COMMENT 'MEMORY',
  `DISK` varchar(50) DEFAULT NULL COMMENT 'DISK',
  `OS` varchar(50) DEFAULT NULL COMMENT 'OS',
  `acquisition_cost` bigint(20) NOT NULL COMMENT '도입금액 (최대 1000억까지)',
  `port_cnt` int(11) DEFAULT NULL,
  `installation_coordinates` varchar(20) NOT NULL COMMENT '설치좌표',
  `installation_units` int(10) unsigned NOT NULL COMMENT '설치좌표 유닛수 (최대 1000까지)',
  `equipment_size_units` int(10) unsigned NOT NULL COMMENT '장비크기 유닛수 (최대 1000까지)',
  `dbrain_number` varchar(20) NOT NULL COMMENT '디브레인번호',
  `serial_number` varchar(50) DEFAULT NULL COMMENT '시리얼번호',
  `asset_acquisition_date` varchar(10) DEFAULT NULL COMMENT '자산취득일자',
  `asset_disposal_date` varchar(10) DEFAULT NULL COMMENT '자산폐기일자',
  `eol_status` varchar(10) DEFAULT NULL COMMENT '단종상태 EOL',
  `eos_status` varchar(10) DEFAULT NULL COMMENT '단종상태 EOS',
  PRIMARY KEY (`eqp_manage_id`),
  CONSTRAINT `equipment_detail_ibfk_1` FOREIGN KEY (`eqp_manage_id`) REFERENCES `equipment_basic` (`eqp_manage_id`)
) ENGINE=InnoDB DEFAULT CHARSET=utf8 COMMENT='HW 장비 상세정보';
/*!40101 SET character_set_client = @saved_cs_client */;

--
-- Dumping data for table `equipment_detail`
--

LOCK TABLES `equipment_detail` WRITE;
/*!40000 ALTER TABLE `equipment_detail` DISABLE KEYS */;
INSERT INTO `equipment_detail` VALUES ('BK20210001','N/A','48GB','(ssd) 600GB * 5EA, (hdd) 14TB * 144EA','Windows Server 2019 Standard',0,4,'2',12,1,'N/A','8S5SD33','2021-10-21','9999-12-31','9999-12-31','9999-12-31'),('ET21210001','N/A','N/A','(ssd) 500GB, (hdd) 8TB x 3(Raid 5 15TB) ','N/A',0,28,'7',11,1,'N/A','N/A','2021-10-21','9999-12-31','9999-12-31','9999-12-31'),('ET21210002','N/A','N/A','(ssd) -, (hdd) -','N/A',0,0,'0',0,0,'N/A','N/A','2021-10-21','9999-12-31','9999-12-31','9999-12-31'),('ET21210003','N/A','N/A','(ssd) -, (hdd) -','N/A',0,0,'0',0,0,'N/A','N/A','2021-10-21','9999-12-31','9999-12-31','9999-12-31'),('ET21210004','N/A','N/A','(ssd) -, (hdd) -','N/A',0,0,'0',0,0,'N/A','N/A','2021-10-21','9999-12-31','9999-12-31','9999-12-31'),('ET21210005','N/A','N/A','(ssd) -, (hdd) -','N/A',0,0,'0',0,0,'N/A','N/A','2021-10-21','9999-12-31','9999-12-31','9999-12-31'),('ET21210006','N/A','N/A','(ssd) -, (hdd) -','N/A',0,0,'0',0,0,'N/A','N/A','2021-10-21','9999-12-31','9999-12-31','9999-12-31'),('ET21210007','N/A','N/A','(ssd) -, (hdd) -','N/A',0,0,'0',0,0,'N/A','N/A','2021-10-21','9999-12-31','9999-12-31','9999-12-31'),('ET21210008','N/A','N/A','(ssd) -, (hdd) -','N/A',0,0,'0',0,0,'N/A','N/A','2021-10-21','9999-12-31','9999-12-31','9999-12-31'),('ET21210009','N/A','N/A','(ssd) -, (hdd) -','N/A',0,0,'0',0,0,'N/A','N/A','2021-10-21','9999-12-31','9999-12-31','9999-12-31'),('ET21210010','N/A','N/A','(ssd) -, (hdd) -','N/A',0,0,'0',0,0,'N/A','N/A','2021-10-21','9999-12-31','9999-12-31','9999-12-31'),('ET21210011','N/A','N/A','(ssd) -, (hdd) -','N/A',0,0,'0',0,0,'N/A','N/A','2021-10-21','9999-12-31','9999-12-31','9999-12-31'),('ET21210012','N/A','N/A','(ssd) -, (hdd) -','N/A',0,0,'0',0,0,'N/A','N/A','2021-10-21','9999-12-31','9999-12-31','9999-12-31'),('ET21210013','N/A','N/A','(ssd) -, (hdd) -','N/A',0,0,'0',0,0,'N/A','N/A','2021-10-21','9999-12-31','9999-12-31','9999-12-31'),('NW20210021','N/A','N/A','(ssd) -, (hdd) -','N/A',0,0,'0',0,1,'N/A','N/A','2021-10-21','9999-12-31','9999-12-31','9999-12-31'),('NW20210022','N/A','N/A','(ssd) -, (hdd) -','N/A',0,0,'0',0,1,'N/A','N/A','2021-10-21','9999-12-31','9999-12-31','9999-12-31'),('NW20210023','N/A','N/A','(ssd) -, (hdd) -','N/A',0,0,'0',0,1,'N/A','N/A','2021-10-21','9999-12-31','9999-12-31','9999-12-31'),('NW20210024','N/A','N/A','(ssd) -, (hdd) -','N/A',0,0,'0',0,1,'N/A','N/A','2021-10-21','9999-12-31','9999-12-31','9999-12-31'),('NW20210025','N/A','N/A','(ssd) -, (hdd) -','N/A',0,52,'2',8,1,'N/A','N/A','2021-10-21','9999-12-31','9999-12-31','9999-12-31'),('NW20210026','N/A','N/A','(ssd) -, (hdd) -','N/A',0,52,'2',9,1,'N/A','N/A','2021-10-21','9999-12-31','9999-12-31','9999-12-31'),('NW20210027','N/A','N/A','(ssd) -, (hdd) -','N/A',0,52,'7',6,1,'N/A','N/A','2021-10-21','9999-12-31','9999-12-31','9999-12-31'),('NW20210028','N/A','N/A','(ssd) -, (hdd) -','N/A',0,52,'7',7,1,'N/A','N/A','2021-10-21','9999-12-31','9999-12-31','9999-12-31'),('NW20210029','N/A','N/A','(ssd) -, (hdd) -','N/A',0,52,'7',8,1,'N/A','N/A','2021-10-21','9999-12-31','9999-12-31','9999-12-31'),('NW20210030','N/A','N/A','(ssd) -, (hdd) -','N/A',0,52,'7',9,1,'N/A','N/A','2021-10-21','9999-12-31','9999-12-31','9999-12-31'),('NW20210031','N/A','N/A','(ssd) -, (hdd) -','N/A',0,34,'1',14,8,'N/A','N/A','2021-10-21','9999-12-31','9999-12-31','9999-12-31'),('NW20210032','N/A','N/A','(ssd) -, (hdd) -','N/A',0,34,'2',14,8,'N/A','N/A','2021-10-21','9999-12-31','9999-12-31','9999-12-31'),('NW20210033','N/A','N/A','(ssd) -, (hdd) -','N/A',0,56,'1',5,1,'N/A','N/A','2021-10-21','9999-12-31','9999-12-31','9999-12-31'),('NW20210034','N/A','N/A','(ssd) -, (hdd) -','N/A',0,56,'2',5,1,'N/A','N/A','2021-10-21','9999-12-31','9999-12-31','9999-12-31'),('NW20210035','N/A','N/A','(ssd) -, (hdd) -','N/A',0,56,'5',1,1,'N/A','N/A','2021-10-21','9999-12-31','9999-12-31','9999-12-31'),('NW20210036','N/A','N/A','(ssd) -, (hdd) -','N/A',0,56,'6',1,1,'N/A','N/A','2021-10-21','9999-12-31','9999-12-31','9999-12-31'),('NW20210037','N/A','N/A','(ssd) -, (hdd) -','N/A',0,56,'3',5,1,'N/A','N/A','2021-10-21','9999-12-31','9999-12-31','9999-12-31'),('NW20210038','N/A','N/A','(ssd) -, (hdd) -','N/A',0,56,'4',5,1,'N/A','N/A','2021-10-21','9999-12-31','9999-12-31','9999-12-31'),('NW20210039','N/A','N/A','(ssd) -, (hdd) -','N/A',0,52,'12',1,1,'N/A','N/A','2021-10-21','9999-12-31','9999-12-31','9999-12-31'),('NW20210040','N/A','N/A','(ssd) -, (hdd) -','N/A',0,52,'14',1,1,'N/A','N/A','2021-10-21','9999-12-31','9999-12-31','9999-12-31'),('NW20210041','N/A','N/A','(ssd) -, (hdd) -','N/A',0,52,'7',1,1,'N/A','N/A','2021-10-21','9999-12-31','9999-12-31','9999-12-31'),('NW20210042','N/A','N/A','(ssd) -, (hdd) -','N/A',0,52,'10',1,1,'N/A','N/A','2021-10-21','9999-12-31','9999-12-31','9999-12-31'),('NW20210043','N/A','N/A','(ssd) -, (hdd) -','N/A',0,36,'1',1,1,'N/A','N/A','2021-10-21','9999-12-31','9999-12-31','9999-12-31'),('NW20210044','N/A','N/A','(ssd) -, (hdd) -','N/A',0,36,'2',1,1,'N/A','N/A','2021-10-21','9999-12-31','9999-12-31','9999-12-31'),('NW20210045','N/A','N/A','(ssd) -, (hdd) -','N/A',0,36,'3',1,1,'N/A','N/A','2021-10-21','9999-12-31','9999-12-31','9999-12-31'),('NW20210046','N/A','N/A','(ssd) -, (hdd) -','N/A',0,36,'4',1,1,'N/A','N/A','2021-10-21','9999-12-31','9999-12-31','9999-12-31'),('NW20210047','N/A','N/A','(ssd) -, (hdd) -','Linux 32.6.2.11',0,24,'1',11,2,'N/A','42101210','2021-10-21','9999-12-31','9999-12-31','9999-12-31'),('NW20210048','N/A','N/A','(ssd) -, (hdd) -','Linux 32.6.2.11',0,24,'2',11,2,'N/A','42101133','2021-10-21','9999-12-31','9999-12-31','9999-12-31'),('NW20210049','N/A','N/A','(ssd) -, (hdd) -','Linux 32.6.2.11',0,24,'3',9,2,'N/A','42101144','2021-10-21','9999-12-31','9999-12-31','9999-12-31'),('NW20210050','N/A','N/A','(ssd) -, (hdd) -','Linux 32.6.2.11',0,24,'4',9,2,'N/A','42101170','2021-10-21','9999-12-31','9999-12-31','9999-12-31'),('NW20210051','N/A','N/A','(ssd) -, (hdd) -','N/A',0,36,'13',1,1,'N/A','N/A','2021-10-21','9999-12-31','9999-12-31','9999-12-31'),('NW20210052','N/A','N/A','(ssd) -, (hdd) -','N/A',0,36,'11',1,1,'N/A','N/A','2021-10-21','9999-12-31','9999-12-31','9999-12-31'),('NW20210053','N/A','N/A','(ssd) -, (hdd) -','N/A',0,36,'9',1,1,'N/A','N/A','2021-10-21','9999-12-31','9999-12-31','9999-12-31'),('NW20210054','N/A','N/A','(ssd) -, (hdd) -','N/A',0,36,'8',1,1,'N/A','N/A','2021-10-21','9999-12-31','9999-12-31','9999-12-31'),('SC20210001','N/A','N/A','(ssd) -, (hdd) -','N/A',0,8,'1',2,2,'N/A','SKRO5CWIS226740','2021-10-21','9999-12-31','9999-12-31','9999-12-31'),('SC20210002','N/A','N/A','(ssd) -, (hdd) -','N/A',0,8,'2',2,2,'N/A','SKRO5CWIS226752','2021-10-21','9999-12-31','9999-12-31','9999-12-31'),('SC20210003','N/A','N/A','(ssd) -, (hdd) -','N/A',0,8,'3',2,2,'N/A','SKRO5CWIS226753','2021-10-21','9999-12-31','9999-12-31','9999-12-31'),('SC20210004','N/A','N/A','(ssd) -, (hdd) -','N/A',0,8,'4',2,2,'N/A','SKRO5CWIS226739','2021-10-21','9999-12-31','9999-12-31','9999-12-31'),('SC20210005','N/A','N/A','(ssd) -, (hdd) -','N/A',0,8,'1',3,2,'N/A','SKRO5CWIS226755','2021-10-21','9999-12-31','9999-12-31','9999-12-31'),('SC20210006','N/A','N/A','(ssd) -, (hdd) -','N/A',0,8,'2',3,2,'N/A','SKRO5CWIS226757','2021-10-21','9999-12-31','9999-12-31','9999-12-31'),('SC20210007','N/A','N/A','(ssd) -, (hdd) -','N/A',0,8,'3',3,2,'N/A','SKRO5CWIS226756','2021-10-21','9999-12-31','9999-12-31','9999-12-31'),('SC20210008','N/A','N/A','(ssd) -, (hdd) -','N/A',0,8,'4',3,2,'N/A','SKRO5CWIS226754','2021-10-21','9999-12-31','9999-12-31','9999-12-31'),('SC20210009','N/A','N/A','(ssd) -, (hdd) -','N/A',0,24,'1',4,2,'N/A','SKRN9CWIS226738 / NL1868RK507A-001','2021-10-21','9999-12-31','9999-12-31','9999-12-31'),('SC20210010','N/A','N/A','(ssd) -, (hdd) -','N/A',0,24,'2',4,2,'N/A','SKRN9CWIS226727 / NL1868RKO18A-001','2021-10-21','9999-12-31','9999-12-31','9999-12-31'),('SC20210011','N/A','N/A','(ssd) -, (hdd) -','N/A',0,24,'3',4,2,'N/A','SKRN9CWIS226736 / NL1868RK507A-003','2021-10-21','9999-12-31','9999-12-31','9999-12-31'),('SC20210012','N/A','N/A','(ssd) -, (hdd) -','N/A',0,24,'4',4,2,'N/A','SKRN9CWIS226737 / NL1868RK507A-002','2021-10-21','9999-12-31','9999-12-31','9999-12-31'),('SC20210013','N/A','N/A','(ssd) -, (hdd) -','N/A',0,24,'1',8,2,'N/A','SKRN8CWIS227540 / NA264WRLO09A-027','2021-10-21','9999-12-31','9999-12-31','9999-12-31'),('SC20210014','N/A','N/A','(ssd) -, (hdd) -','N/A',0,24,'3',7,2,'N/A','SKRN8CWIS227542 / NA264WRLO09A-020','2021-10-21','9999-12-31','9999-12-31','9999-12-31'),('SC20210015','N/A','N/A','(ssd) -, (hdd) -','N/A',0,16,'4',7,2,'N/A','SKRN8CWIS227539 / NA264WRLO09A-017','2021-10-21','9999-12-31','9999-12-31','9999-12-31'),('SC20210016','N/A','N/A','(ssd) -, (hdd) -','N/A',0,16,'7',5,2,'N/A','SKRN8CWIS227541 / NA264WRLO09A-019','2021-10-21','9999-12-31','9999-12-31','9999-12-31'),('SC20210017','N/A','N/A','(ssd) -, (hdd) -','N/A',0,8,'1',10,2,'N/A','W4000F-2130014','2021-10-21','9999-12-31','9999-12-31','9999-12-31'),('SC20210018','N/A','N/A','(ssd) -, (hdd) -','N/A',0,8,'2',10,2,'N/A','W4000F-2130013','2021-10-21','9999-12-31','9999-12-31','9999-12-31'),('SC20210019','N/A','N/A','(ssd) -, (hdd) -','N/A',0,8,'0',0,1,'N/A','TSCR52003198','2021-10-21','9999-12-31','9999-12-31','9999-12-31'),('SC20210020','Intel® Xeon® CPU Silver 4215 @ 2.5GHz','32GB','(ssd) -, (hdd) -','centos 7.8',0,4,'1',6,1,'N/A','ST:240RL73','2021-10-21','9999-12-31','9999-12-31','9999-12-31'),('SC20210021','Intel® Xeon® CPU Silver 4215 @ 2.5GHz','32GB','(ssd) -, (hdd) -','centos 7.8',0,4,'1',7,1,'N/A','ST:H30RL73','2021-10-21','9999-12-31','9999-12-31','9999-12-31'),('SC20210022','Intel® Xeon® CPU Silver 4215 @ 2.5GHz','32GB','(ssd) -, (hdd) -','centos 7.8',0,4,'2',6,1,'N/A','ST:J30RL73','2021-10-21','9999-12-31','9999-12-31','9999-12-31'),('SC20210023','Intel® Xeon® CPU Silver 4215 @ 2.5GHz','32GB','(ssd) -, (hdd) -','centos 7.8',0,4,'2',7,1,'N/A','ST:G30RL73','2021-10-21','9999-12-31','9999-12-31','9999-12-31'),('SC20210024','N/A','N/A','(ssd) -, (hdd) -','N/A',0,8,'3',8,2,'N/A','SKRBECWIS226745','2021-10-21','9999-12-31','9999-12-31','9999-12-31'),('SC20210025','N/A','N/A','(ssd) -, (hdd) -','N/A',0,8,'4',8,2,'N/A','SKRBECWIS227314','2021-10-21','9999-12-31','9999-12-31','9999-12-31'),('SC20210026','N/A','N/A','(ssd) -, (hdd) -','N/A',0,20,'3',6,2,'N/A','SV2070HS21070001','2021-10-21','9999-12-31','9999-12-31','9999-12-31'),('SC20210027','N/A','N/A','(ssd) -, (hdd) -','N/A',0,20,'4',6,2,'N/A','SV2070HS21070002','2021-10-21','9999-12-31','9999-12-31','9999-12-31'),('SC20210028','N/A','N/A','(ssd) -, (hdd) -','N/A',0,4,'7',17,2,'N/A','SKRM2LWIS226954','2021-10-21','9999-12-31','9999-12-31','9999-12-31'),('SC20210029','N/A','N/A','(ssd) -, (hdd) -','N/A',0,2,'7',10,1,'N/A','FQN8M83/34262888835','2021-10-21','9999-12-31','9999-12-31','9999-12-31'),('SC20210030','N/A','N/A','(ssd) -, (hdd) -','N/A',0,8,'3',15,2,'N/A','N/A','2021-10-21','9999-12-31','9999-12-31','9999-12-31'),('SC20210031','N/A','N/A','(ssd) -, (hdd) -','N/A',0,4,'7',16,2,'N/A','N/A','2021-10-21','9999-12-31','9999-12-31','9999-12-31'),('SC20210032','N/A','N/A','(ssd) -, (hdd) -','N/A',0,4,'1',9,2,'N/A','N/A','2021-10-21','9999-12-31','9999-12-31','9999-12-31'),('SC20210033','N/A','N/A','(ssd) -, (hdd) -','N/A',0,10,'7',12,2,'N/A','N/A','2021-10-21','9999-12-31','9999-12-31','9999-12-31'),('SC20210034','N/A','N/A','(ssd) -, (hdd) -','N/A',0,10,'7',13,2,'N/A','N/A','2021-10-21','9999-12-31','9999-12-31','9999-12-31'),('ST20210001','N/A','768 GB * 1EA','(ssd) -, (hdd) -','N/A',0,24,'5',9,26,'N/A','4642110004','2021-10-21','9999-12-31','2023-03-31','2028-12-31'),('ST20210002','N/A','768 GB * 1EA','(ssd) 600GB * 3EA, (hdd) 14TB * 96EA','N/A',0,24,'6',7,2,'N/A','4642111001','2021-10-21','9999-12-31','2023-03-31','2028-12-31'),('SV20210001','Intel(R) Xeon(R) Gold 6226R CPU @ 2.90GHz * 2EA','64GB * 4EA','(ssd) 480 GB * 2EA , (hdd) 16 TB * 7EA','centos 7.8',0,8,'9',9,2,'N/A','MASQ016677','2021-10-21','9999-12-31','2023-06-30','2028-12-31'),('SV20210002','Intel(R) Xeon(R) Gold 6226R CPU @ 2.90GHz * 2EA','64GB * 2EA','(ssd) -, (hdd) 1.2 TB * 6EA','centos 7.8',0,8,'3',14,2,'N/A','MASQ016652','2021-10-21','9999-12-31','2023-06-30','2028-12-31'),('SV20210003','Intel(R) Xeon(R) Gold 6226R CPU @ 2.90GHz * 2EA','64GB * 4EA','(ssd) 480 GB * 2EA , (hdd) 16 TB * 7EA','centos 7.8',0,8,'9',10,2,'N/A','MASQ016678','2021-10-21','9999-12-31','2023-06-30','2028-12-31'),('SV20210004','Intel(R) Xeon(R) Gold 6226R CPU @ 2.90GHz * 2EA','64GB * 4EA','(ssd) 480 GB * 2EA , (hdd) 16 TB * 7EA','centos 7.8',0,10,'4',14,2,'N/A','MASQ016676','2021-10-21','9999-12-31','2023-06-30','2028-12-31'),('SV20210005','Intel(R) Xeon(R) Gold 6242R CPU @ 3.10GHz * 2EA','64GB * 8EA','(ssd) 480 GB * 2EA , (hdd) 16 TB * 7EA','centos 7.8',0,8,'7',2,2,'N/A','MASQ016532','2021-10-21','9999-12-31','2023-06-30','2028-12-31'),('SV20210006','Intel(R) Xeon(R) Gold 6242R CPU @ 3.10GHz * 2EA','64GB * 8EA','(ssd) 480 GB * 2EA , (hdd) 16 TB * 7EA','centos 7.8',0,8,'7',3,2,'N/A','MASQ016567','2021-10-21','9999-12-31','2023-06-30','2028-12-31'),('SV20210007','\"	AMD EPYC 7282 16-Core Processor\"','64GB * 8EA','(ssd) 1TB * 2EA, (hdd) -','centos 7.8',0,6,'9',2,2,'N/A','MACK001047','2021-10-21','9999-12-31','2022-12-31','2027-12-31'),('SV20210008','AMD EPYC 7282 16-Core Processor * 2EA','64GB * 8EA','(ssd) 1TB * 2EA, (hdd) -','centos 7.8',0,6,'9',3,2,'N/A','MACK001046','2021-10-21','9999-12-31','2022-12-31','2027-12-31'),('SV20210009','AMD EPYC 7282 16-Core Processor * 2EA','64GB * 8EA','(ssd) 1TB * 2EA, (hdd) -','centos 7.8',0,6,'9',4,2,'N/A','MACK001048','2021-10-21','9999-12-31','2022-12-31','2027-12-31'),('SV20210010','Intel(R) Xeon(R) Gold 6226R CPU @ 2.90GHz * 2EA','64GB * 2EA','(ssd) -, (hdd) 1.2 TB * 6EA','centos 7.8',0,10,'9',6,2,'N/A','MASQ016643','2021-10-21','9999-12-31','2023-06-30','2028-12-31'),('SV20210011','AMD EPYC 7282 16-Core Processor * 2EA','64GB * 8EA','(ssd) 1TB * 2EA, (hdd) -','centos 7.8',0,6,'9',5,2,'N/A','MACK001031','2021-10-21','9999-12-31','2022-12-31','2027-12-31'),('SV20210012','Intel(R) Xeon(R) Gold 6226R CPU @ 2.90GHz * 2EA','64GB * 2EA','(ssd) -, (hdd) 1.2 TB * 6EA','centos 7.8',0,10,'7',14,2,'N/A','MASQ016628','2021-10-21','9999-12-31','2023-06-30','2028-12-31'),('SV20210013','Intel(R) Xeon(R) Gold 6226R CPU @ 2.90GHz * 2EA','64GB * 2EA','(ssd) -, (hdd) 1.2 TB * 6EA','centos 7.8',0,10,'7',15,2,'N/A','MASQ016631','2021-10-21','9999-12-31','2023-06-30','2028-12-31'),('SV20210014','Intel(R) Xeon(R) Gold 6226R CPU @ 2.90GHz * 2EA','64GB * 2EA','(ssd) -, (hdd) 1.2 TB * 6EA','centos 7.8',0,8,'9',11,2,'N/A','MASQ016623','2021-10-21','9999-12-31','2023-06-30','2028-12-31'),('SV20210015','Intel(R) Xeon(R) Gold 6226R CPU @ 2.90GHz * 2EA','64GB * 4EA','(ssd) 480 GB * 2EA , (hdd) 16 TB * 4EA','centos 7.8',0,10,'5',6,2,'N/A','MASQ016525','2021-10-21','9999-12-31','2023-06-30','2028-12-31'),('SV20210016','Intel(R) Xeon(R) Gold 6226R CPU @ 2.90GHz * 2EA','32GB * 16EA','(ssd) 960GB * 4EA, (hdd) -','centos 7.8',0,6,'12',10,4,'N/A','SGH108XW2T','2021-10-21','9999-12-31','9999-12-31','9999-12-31'),('SV20210017','Intel(R) Xeon(R) Gold 6226R CPU @ 2.90GHz * 2EA','32GB * 16EA','(ssd) 960GB * 4EA, (hdd) -','centos 7.8',0,6,'12',11,4,'N/A','SGH108XW2V','2021-10-21','9999-12-31','9999-12-31','9999-12-31'),('SV20210018','Intel(R) Xeon(R) Gold 6226R CPU @ 2.90GHz * 2EA','64GB * 2EA','(ssd) -, (hdd) 1.2 TB * 6EA','centos 7.8',0,8,'12',3,2,'N/A','MASQ016667','2021-10-21','9999-12-31','2023-06-30','2028-12-31'),('SV20210019','Intel(R) Xeon(R) Gold 6226R CPU @ 2.90GHz * 2EA','64GB * 2EA','(ssd) -, (hdd) 1.2 TB * 6EA','centos 7.8',0,8,'13',3,2,'N/A','MASQ016613','2021-10-21','9999-12-31','2023-06-30','2028-12-31'),('SV20210020','Intel(R) Xeon(R) Gold 6242R CPU @ 3.10GHz * 2EA','64GB * 8EA','(ssd) 480 GB * 2EA , (hdd) 16 TB * 4EA','centos 7.8',0,8,'3',13,2,'N/A','MASQ016522','2021-10-21','9999-12-31','2023-06-30','2028-12-31'),('SV20210021','Intel(R) Xeon(R) Gold 6242R CPU @ 3.10GHz * 2EA','64GB * 8EA','(ssd) 480 GB * 2EA , (hdd) 16 TB * 4EA','centos 7.8',0,8,'4',13,2,'N/A','MASQ016526','2021-10-21','9999-12-31','2023-06-30','2028-12-31'),('SV20210022','AMD EPYC 7282 16-Core Processor * 2EA','64GB * 8EA','(ssd) 1TB * 2EA, (hdd) -','centos 7.8',0,6,'10',2,2,'N/A','MACK001045','2021-10-21','9999-12-31','2022-12-31','2027-12-31'),('SV20210023','AMD EPYC 7282 16-Core Processor * 2EA','64GB * 8EA','(ssd) 1TB * 2EA, (hdd) -','centos 7.8',0,6,'10',3,2,'N/A','MACK001030','2021-10-21','9999-12-31','2022-12-31','2027-12-31'),('SV20210024','AMD EPYC 7282 16-Core Processor * 2EA','64GB * 8EA','(ssd) 1TB * 2EA, (hdd) -','centos 7.8',0,6,'11',2,2,'N/A','MACK001042','2021-10-21','9999-12-31','2022-12-31','2027-12-31'),('SV20210025','AMD EPYC 7282 16-Core Processor * 2EA','64GB * 8EA','(ssd) 1TB * 2EA, (hdd) -','centos 7.8',0,6,'11',3,2,'N/A','MACK001033','2021-10-21','9999-12-31','2022-12-31','2027-12-31'),('SV20210026','Intel(R) Xeon(R) Silver 4215R CPU @ 3.20GHz * 2EA','64GB * 4EA','(ssd) -, (hdd) 16 TB * 12EA','centos 7.8',0,14,'12',7,4,'N/A','MASQ016747','2021-10-21','9999-12-31','2023-06-30','2028-12-31'),('SV20210027','Intel(R) Xeon(R) Silver 4215R CPU @ 3.20GHz * 2EA','64GB * 4EA','(ssd) -, (hdd) 16 TB * 12EA','centos 7.8',0,14,'12',8,4,'N/A','MASQ016737','2021-10-21','9999-12-31','2023-06-30','2028-12-31'),('SV20210028','Intel(R) Xeon(R) Silver 4215R CPU @ 3.20GHz * 2EA','64GB * 4EA','(ssd) -, (hdd) 16 TB * 12EA','centos 7.8',0,14,'12',9,4,'N/A','MASQ016756','2021-10-21','9999-12-31','2023-06-30','2028-12-31'),('SV20210029','Intel(R) Xeon(R) Silver 4215R CPU @ 3.20GHz * 2EA','64GB * 4EA','(ssd) -, (hdd) 16 TB * 12EA','centos 7.8',0,14,'13',7,4,'N/A','MASQ016758','2021-10-21','9999-12-31','2023-06-30','2028-12-31'),('SV20210030','Intel(R) Xeon(R) Silver 4215R CPU @ 3.20GHz * 2EA','64GB * 4EA','(ssd) -, (hdd) 16 TB * 12EA','centos 7.8',0,14,'13',8,4,'N/A','MASQ016739','2021-10-21','9999-12-31','2023-06-30','2028-12-31'),('SV20210031','Intel(R) Xeon(R) Silver 4215R CPU @ 3.20GHz * 2EA','64GB * 4EA','(ssd) -, (hdd) 16 TB * 12EA','centos 7.8',0,14,'13',9,4,'N/A','MASQ016753','2021-10-21','9999-12-31','2023-06-30','2028-12-31'),('SV20210032','Intel(R) Xeon(R) Silver 4215R CPU @ 3.20GHz * 2EA','64GB * 4EA','(ssd) -, (hdd) 16 TB * 12EA','centos 7.8',0,14,'13',10,4,'N/A','MASQ016746','2021-10-21','9999-12-31','2023-06-30','2028-12-31'),('SV20210033','Intel(R) Xeon(R) Silver 4215R CPU @ 3.20GHz * 2EA','64GB * 4EA','(ssd) -, (hdd) 16 TB * 12EA','centos 7.8',0,14,'13',11,4,'N/A','MASQ016736','2021-10-21','9999-12-31','2023-06-30','2028-12-31'),('SV20210034','Intel(R) Xeon(R) Silver 4215R CPU @ 3.20GHz * 2EA','64GB * 4EA','(ssd) -, (hdd) 16 TB * 12EA','centos 7.8',0,14,'14',2,4,'N/A','MASQ016757','2021-10-21','9999-12-31','2023-06-30','2028-12-31'),('SV20210035','Intel(R) Xeon(R) Silver 4215R CPU @ 3.20GHz * 2EA','64GB * 4EA','(ssd) -, (hdd) 16 TB * 12EA','centos 7.8',0,14,'14',3,4,'N/A','MASQ016738','2021-10-21','9999-12-31','2023-06-30','2028-12-31'),('SV20210036','Intel(R) Xeon(R) Silver 4215R CPU @ 3.20GHz * 2EA','64GB * 4EA','(ssd) -, (hdd) 16 TB * 12EA','centos 7.8',0,14,'14',4,4,'N/A','MASQ016761','2021-10-21','9999-12-31','2023-06-30','2028-12-31'),('SV20210037','Intel(R) Xeon(R) Silver 4215R CPU @ 3.20GHz * 2EA','64GB * 4EA','(ssd) -, (hdd) 16 TB * 12EA','centos 7.8',0,14,'14',5,4,'N/A','MASQ016741','2021-10-21','9999-12-31','2023-06-30','2028-12-31'),('SV20210038','Intel(R) Xeon(R) Silver 4215R CPU @ 3.20GHz * 2EA','64GB * 4EA','(ssd) -, (hdd) 16 TB * 12EA','centos 7.8',0,14,'14',6,4,'N/A','MASQ016740','2021-10-21','9999-12-31','2023-06-30','2028-12-31'),('SV20210039','Intel(R) Xeon(R) Silver 4215R CPU @ 3.20GHz * 2EA','64GB * 4EA','(ssd) -, (hdd) 16 TB * 12EA','centos 7.8',0,14,'14',7,4,'N/A','MASQ016764','2021-10-21','9999-12-31','2023-06-30','2028-12-31'),('SV20210040','Intel(R) Xeon(R) Silver 4215R CPU @ 3.20GHz * 2EA','64GB * 4EA','(ssd) -, (hdd) 16 TB * 12EA','centos 7.8',0,14,'14',8,4,'N/A','MASQ016751','2021-10-21','9999-12-31','2023-06-30','2028-12-31'),('SV20210041','Intel(R) Xeon(R) Silver 4215R CPU @ 3.20GHz * 2EA','64GB * 4EA','(ssd) -, (hdd) 16 TB * 12EA','centos 7.8',0,14,'14',9,4,'N/A','MASQ016744','2021-10-21','9999-12-31','2023-06-30','2028-12-31'),('SV20210042','Intel(R) Xeon(R) Silver 4215R CPU @ 3.20GHz * 2EA','64GB * 4EA','(ssd) -, (hdd) 16 TB * 12EA','centos 7.8',0,14,'10',5,4,'N/A','MASQ016759','2021-10-21','9999-12-31','2023-06-30','2028-12-31'),('SV20210043','Intel(R) Xeon(R) Silver 4215R CPU @ 3.20GHz * 2EA','64GB * 4EA','(ssd) -, (hdd) 16 TB * 12EA','centos 7.8',0,14,'10',6,4,'N/A','MASQ016742','2021-10-21','9999-12-31','2023-06-30','2028-12-31'),('SV20210044','Intel(R) Xeon(R) Silver 4215R CPU @ 3.20GHz * 2EA','64GB * 4EA','(ssd) -, (hdd) 16 TB * 12EA','centos 7.8',0,14,'10',7,4,'N/A','MASQ016755','2021-10-21','9999-12-31','2023-06-30','2028-12-31'),('SV20210045','Intel(R) Xeon(R) Silver 4215R CPU @ 3.20GHz * 2EA','64GB * 4EA','(ssd) -, (hdd) 16 TB * 12EA','centos 7.8',0,14,'10',8,4,'N/A','MASQ016750','2021-10-21','9999-12-31','2023-06-30','2028-12-31'),('SV20210046','Intel(R) Xeon(R) Silver 4215R CPU @ 3.20GHz * 2EA','64GB * 4EA','(ssd) -, (hdd) 16 TB * 12EA','centos 7.8',0,14,'10',9,4,'N/A','MASQ016749','2021-10-21','9999-12-31','2023-06-30','2028-12-31'),('SV20210047','Intel(R) Xeon(R) Silver 4215R CPU @ 3.20GHz * 2EA','64GB * 4EA','(ssd) -, (hdd) 16 TB * 12EA','centos 7.8',0,14,'11',5,4,'N/A','MASQ016752','2021-10-21','9999-12-31','2023-06-30','2028-12-31'),('SV20210048','Intel(R) Xeon(R) Silver 4215R CPU @ 3.20GHz * 2EA','64GB * 4EA','(ssd) -, (hdd) 16 TB * 12EA','centos 7.8',0,14,'11',6,4,'N/A','MASQ016743','2021-10-21','9999-12-31','2023-06-30','2028-12-31'),('SV20210049','Intel(R) Xeon(R) Silver 4215R CPU @ 3.20GHz * 2EA','64GB * 4EA','(ssd) -, (hdd) 16 TB * 12EA','centos 7.8',0,14,'11',7,4,'N/A','MASQ016754','2021-10-21','9999-12-31','2023-06-30','2028-12-31'),('SV20210050','Intel(R) Xeon(R) Silver 4215R CPU @ 3.20GHz * 2EA','64GB * 4EA','(ssd) -, (hdd) 16 TB * 12EA','centos 7.8',0,14,'11',8,4,'N/A','MASQ016745','2021-10-21','9999-12-31','2023-06-30','2028-12-31'),('SV20210051','Intel(R) Xeon(R) Silver 4215R CPU @ 3.20GHz * 2EA','64GB * 4EA','(ssd) -, (hdd) 16 TB * 12EA','centos 7.8',0,14,'11',9,4,'N/A','MASQ016762','2021-10-21','9999-12-31','2023-06-30','2028-12-31'),('SV20210052','Intel(R) Xeon(R) Gold 6242R CPU @ 3.10GHz * 2EA','64GB * 8EA','(ssd) 480 GB * 2EA , (hdd) 16 TB * 4EA','centos 7.8',0,8,'1',12,2,'N/A','MASQ016502','2021-10-21','9999-12-31','2023-06-30','2028-12-31'),('SV20210053','Intel(R) Xeon(R) Gold 6242R CPU @ 3.10GHz * 2EA','64GB * 8EA','(ssd) 480 GB * 2EA , (hdd) 16 TB * 4EA','centos 7.8',0,8,'7',4,2,'N/A','MASQ016527','2021-10-21','9999-12-31','2023-06-30','2028-12-31'),('SV20210054','Intel(R) Xeon(R) Gold 6226R CPU @ 2.90GHz * 2EA','64GB * 4EA','(ssd) 480 GB * 2EA , (hdd) 16 TB * 7EA','centos 7.8',0,8,'12',2,2,'N/A','MASQ016674','2021-10-21','9999-12-31','2023-06-30','2028-12-31'),('SV20210055','Intel(R) Xeon(R) Gold 6226R CPU @ 2.90GHz * 2EA','64GB * 2EA','(ssd) -, (hdd) 16 TB * 7EA','centos 7.8',0,10,'5',7,2,'N/A','MASQ016529','2021-10-21','9999-12-31','2023-06-30','2028-12-31'),('SV20210056','Intel(R) Xeon(R) Gold 6226R CPU @ 2.90GHz * 2EA','64GB * 4EA','(ssd) 480 GB * 2EA , (hdd) 1.2 TB * 6EA','centos 7.8',0,10,'5',4,2,'N/A','MASQ016568','2021-10-21','9999-12-31','2023-06-30','2028-12-31'),('SV20210057','Intel(R) Xeon(R) Gold 6226R CPU @ 2.90GHz * 2EA','64GB * 4EA','(ssd) 480 GB * 2EA , (hdd) 1.2 TB * 6EA','centos 7.8',0,10,'6',4,2,'N/A','MASQ016576','2021-10-21','9999-12-31','2023-06-30','2028-12-31'),('SV20210058','Intel(R) Xeon(R) Gold 6226R CPU @ 2.90GHz * 2EA','64GB * 4EA','(ssd) 480 GB * 2EA , (hdd) 16 TB * 7EA','centos 7.8',0,8,'13',2,2,'N/A','MASQ016675','2021-10-21','9999-12-31','2023-06-30','2028-12-31'),('SV20210059','Intel(R) Xeon(R) Gold 6242R CPU @ 3.10GHz * 2EA','64GB * 8EA','(ssd) 480 GB * 2EA , (hdd) 16 TB * 7EA','centos 7.8',0,14,'5',5,2,'N/A','MASQ016504','2021-10-21','9999-12-31','2023-06-30','2028-12-31'),('SV20210060','Intel(R) Xeon(R) Gold 6242R CPU @ 3.10GHz * 2EA','64GB * 8EA','(ssd) 480 GB * 2EA , (hdd) 16 TB * 7EA','centos 7.8',0,14,'6',5,2,'N/A','MASQ016505','2021-10-21','9999-12-31','2023-06-30','2028-12-31'),('SV20210061','Intel(R) Xeon(R) Gold 6226R CPU @ 2.90GHz * 2EA','64GB * 2EA','(ssd) -, (hdd) 1.2 TB * 6EA','centos 7.8',0,14,'5',3,2,'N/A','MASQ016624','2021-10-21','9999-12-31','2023-06-30','2028-12-31'),('SV20210062','Intel(R) Xeon(R) Gold 6226R CPU @ 2.90GHz * 2EA','64GB * 2EA','(ssd) -, (hdd) 1.2 TB * 6EA','centos 7.8',0,10,'6',3,2,'N/A','MASQ016621','2021-10-21','9999-12-31','2023-06-30','2028-12-31'),('SV20210063','Intel(R) Xeon(R) Gold 6226R CPU @ 2.90GHz * 2EA','64GB * 2EA','(ssd) -, (hdd) 1.2 TB * 6EA','centos 7.8',0,10,'5',2,2,'N/A','MASQ016611','2021-10-21','9999-12-31','2023-06-30','2028-12-31'),('SV20210064','Intel(R) Xeon(R) Gold 6226R CPU @ 2.90GHz * 2EA','64GB * 2EA','(ssd) -, (hdd) 1.2 TB * 6EA','centos 7.8',0,10,'6',2,2,'N/A','MASQ016648','2021-10-21','9999-12-31','2023-06-30','2028-12-31'),('SV20210065','Intel(R) Xeon(R) Gold 6242R CPU @ 3.10GHz * 2EA','64GB * 8EA','(ssd) 480 GB * 2EA , (hdd) 16 TB * 7EA','centos 7.8',0,14,'13',5,2,'N/A','MASQ016523','2021-10-21','9999-12-31','2023-06-30','2028-12-31'),('SV20210066','Intel(R) Xeon(R) Gold 6242R CPU @ 3.10GHz * 2EA','64GB * 8EA','(ssd) 480 GB * 2EA , (hdd) 16 TB * 7EA','centos 7.8',0,8,'12',6,2,'N/A','MASQ016524','2021-10-21','9999-12-31','2023-06-30','2028-12-31'),('SV20210067','Intel(R) Xeon(R) Gold 6242R CPU @ 3.10GHz * 2EA','64GB * 8EA','(ssd) 480 GB * 2EA , (hdd) 16 TB * 7EA','centos 7.8',0,12,'13',6,2,'N/A','MASQ016528','2021-10-21','9999-12-31','2023-06-30','2028-12-31'),('SV20210068','Intel(R) Xeon(R) Gold 6242R CPU @ 3.10GHz * 2EA','64GB * 8EA','(ssd) 480 GB * 2EA , (hdd) 16 TB * 7EA','centos 8.4',0,10,'12',5,2,'N/A','MASQ016521','2021-10-21','9999-12-31','2023-06-30','2028-12-31'),('SV20210069','Intel(R) Xeon(R) Gold 6226R CPU @ 2.90GHz * 2EA','64GB * 4EA','(ssd) 480 GB * 2EA , (hdd) 16 TB * 7EA','centos 7.8',0,10,'4',15,2,'N/A','MASQ016679','2021-10-21','9999-12-31','2023-06-30','2028-12-31'),('SV20210070','AMD EPYC 7282 16-Core Processor * 2EA','64GB * 8EA','(ssd) 1.92TB * 2EA, (hdd) -','centos 7.8',0,6,'9',7,2,'N/A','MACK001037','2021-10-21','9999-12-31','2022-12-31','2027-12-31'),('SV20210071','AMD EPYC 7282 16-Core Processor * 2EA','64GB * 8EA','(ssd) 1.92TB * 2EA, (hdd) -','centos 7.8',0,6,'9',8,2,'N/A','MACK001032','2021-10-21','9999-12-31','2022-12-31','2027-12-31'),('SV20210072','Intel(R) Xeon(R) Gold 6226R CPU @ 2.90GHz * 2EA','64GB * 2EA','(ssd) -, (hdd) 1.2 TB * 6EA','centos 7.8',0,10,'3',12,2,'N/A','MASQ016620','2021-10-21','9999-12-31','2023-06-30','2028-12-31'),('SV20210073','Intel(R) Xeon(R) Gold 6226R CPU @ 2.90GHz * 2EA','64GB * 2EA','(ssd) -, (hdd) 1.2 TB * 6EA','centos 7.8',0,10,'4',12,2,'N/A','MASQ016616','2021-10-21','9999-12-31','2023-06-30','2028-12-31'),('SV20210074','Intel(R) Xeon(R) Gold 6226R CPU @ 2.90GHz * 2EA','64GB * 2EA','(ssd) -, (hdd) 1.2 TB * 6EA','centos 7.8',0,10,'12',4,2,'N/A','MASQ016665','2021-10-21','9999-12-31','2023-06-30','2028-12-31'),('SV20210075','Intel(R) Xeon(R) Gold 6226R CPU @ 2.90GHz * 2EA','64GB * 2EA','(ssd) -, (hdd) 1.2 TB * 6EA','centos 7.8',0,12,'13',4,2,'N/A','MASQ016645','2021-10-21','9999-12-31','2023-06-30','2028-12-31'),('SV20210076','Intel(R) Xeon(R) Gold 6242R CPU @ 3.10GHz * 2EA','64GB * 8EA','(ssd) 480 GB * 2EA , (hdd) 16 TB * 7EA','centos 7.8',0,12,'9',12,2,'N/A','MASQ016530','2021-10-21','9999-12-31','2023-06-30','2028-12-31'),('SV20210077','Intel(R) Xeon(R) Gold 6242R CPU @ 3.10GHz * 2EA','64GB * 8EA','(ssd) 480 GB * 2EA , (hdd) 16 TB * 7EA','centos 7.8',0,12,'9',13,2,'N/A','MASQ016531','2021-10-21','9999-12-31','2023-06-30','2028-12-31'),('SV20210078','AMD EPYC 7282 16-Core Processor * 2EA','64GB * 8EA','(ssd) 1TB * 2EA, (hdd) -','centos 7.8',0,6,'8',2,2,'N/A','MACK001040','2021-10-21','9999-12-31','2022-12-31','2027-12-31'),('SV20210079','AMD EPYC 7282 16-Core Processor * 2EA','64GB * 8EA','(ssd) 1TB * 2EA, (hdd) -','centos 7.8',0,6,'8',3,2,'N/A','MACK001044','2021-10-21','9999-12-31','2022-12-31','2027-12-31'),('SV20210080','AMD EPYC 7282 16-Core Processor * 2EA','64GB * 8EA','(ssd) 1TB * 2EA, (hdd) -','centos 7.8',0,6,'10',4,2,'N/A','MACK001043','2021-10-21','9999-12-31','2022-12-31','2027-12-31'),('SV20210081','AMD EPYC 7282 16-Core Processor * 2EA','64GB * 8EA','(ssd) 1TB * 2EA, (hdd) -','centos 7.8',0,14,'11',4,2,'N/A','MACK001038','2021-10-21','9999-12-31','2022-12-31','2027-12-31'),('SV20210082','AMD EPYC 7282 16-Core Processor * 2EA','64GB * 8EA','(ssd) 1TB * 2EA, (hdd) -','centos 7.8',0,6,'8',4,2,'N/A','MACK001039','2021-10-21','9999-12-31','2022-12-31','2027-12-31'),('SV20210083','AMD EPYC 7282 16-Core Processor * 2EA','64GB * 8EA','(ssd) 1TB * 2EA, (hdd) -','centos 7.8',0,6,'8',5,2,'N/A','MACK001041','2021-10-21','9999-12-31','2022-12-31','2027-12-31'),('SV20210084','Intel(R) Xeon(R) Silver 4215R CPU @ 3.20GHz * 2EA','64GB * 4EA','(ssd) -, (hdd) 16 TB * 12EA','centos 7.8',0,14,'8',6,4,'N/A','MASQ016763','2021-10-21','9999-12-31','2023-06-30','2028-12-31'),('SV20210085','Intel(R) Xeon(R) Silver 4215R CPU @ 3.20GHz * 2EA','64GB * 4EA','(ssd) -, (hdd) 16 TB * 12EA','centos 7.8',0,14,'8',9,4,'N/A','MASQ016748','2021-10-21','9999-12-31','2023-06-30','2028-12-31'),('SV20210086','Intel(R) Xeon(R) Silver 4215R CPU @ 3.20GHz * 2EA','64GB * 4EA','(ssd) -, (hdd) 16 TB * 12EA','centos 7.8',0,14,'8',8,4,'N/A','MASQ016760','2021-10-21','9999-12-31','2023-06-30','2028-12-31'),('SV20210087','Intel(R) Xeon(R) Gold 6226R CPU @ 2.90GHz * 2EA','32GB * 16EA','(ssd) 960GB * 4EA, (hdd) -','centos 7.8',0,6,'8',10,4,'N/A','SGH108XW2Y','2021-10-21','9999-12-31','9999-12-31','9999-12-31'),('SV20210088','Intel(R) Xeon(R) Gold 6226R CPU @ 2.90GHz * 2EA','32GB * 16EA','(ssd) 960GB * 4EA, (hdd) -','centos 7.8',0,6,'8',11,4,'N/A','SGH108XW2Z','2021-10-21','9999-12-31','9999-12-31','9999-12-31'),('SV20210089','Intel(R) Xeon(R) Gold 6226R CPU @ 2.90GHz * 2EA','32GB * 16EA','(ssd) 960GB * 4EA, (hdd) -','centos 7.8',0,6,'10',10,4,'N/A','SGH108XW2W','2021-10-21','9999-12-31','9999-12-31','9999-12-31'),('SV20210090','Intel(R) Xeon(R) Gold 6226R CPU @ 2.90GHz * 2EA','32GB * 16EA','(ssd) 960GB * 4EA, (hdd) -','centos 7.8',0,6,'11',10,4,'N/A','SGH108XW2X','2021-10-21','9999-12-31','9999-12-31','9999-12-31'),('SV20210091','Intel(R) Xeon(R) Gold 6226R CPU @ 2.90GHz * 2EA','64GB * 2EA','(ssd) -, (hdd) 1.2 TB * 6EA','centos 7.8',0,8,'8',9,2,'N/A','MASQ016646','2021-10-21','9999-12-31','2023-06-30','2028-12-31'),('SV20210092','Intel(R) Xeon(R) Gold 6226R CPU @ 2.90GHz * 2EA','64GB * 2EA','(ssd) -, (hdd) 1.2 TB * 6EA','centos 7.8',0,10,'9',14,2,'N/A','MASQ016618','2021-10-21','9999-12-31','2023-06-30','2028-12-31'),('SV20210093','Intel(R) Xeon(R) Gold 6226R CPU @ 2.90GHz * 2EA','64GB * 2EA','(ssd) -, (hdd) 1.2 TB * 6EA','centos 7.8',0,10,'1',13,2,'N/A','MASQ016635','2021-10-21','9999-12-31','2023-06-30','2028-12-31'),('SV20210094','Intel(R) Xeon(R) Gold 6226R CPU @ 2.90GHz * 2EA','64GB * 2EA','(ssd) -, (hdd) 1.2 TB * 6EA','centos 7.8',0,10,'2',13,2,'N/A','MASQ016632','2021-10-21','9999-12-31','2023-06-30','2028-12-31'),('SV20210095','Intel(R) Xeon(R) Gold 6226R CPU @ 2.90GHz * 2EA','64GB * 2EA','(ssd) -, (hdd) 1.2 TB * 6EA','centos 7.8',0,10,'3',10,2,'N/A','MASQ016651','2021-10-21','9999-12-31','2023-06-30','2028-12-31'),('SV20210096','Intel(R) Xeon(R) Gold 6226R CPU @ 2.90GHz * 2EA','64GB * 2EA','(ssd) -, (hdd) 1.2 TB * 6EA','centos 7.8',0,10,'4',10,2,'N/A','MASQ016666','2021-10-21','9999-12-31','2023-06-30','2028-12-31'),('SV20210097','Intel(R) Xeon(R) Gold 6242R CPU @ 3.10GHz * 2EA','64GB * 8EA','(ssd) 480 GB * 2EA , (hdd) 16 TB * 7EA','centos 7.8',0,14,'3',11,2,'N/A','MASQ016506','2021-10-21','9999-12-31','2023-06-30','2028-12-31'),('SV20210098','Intel(R) Xeon(R) Gold 6242R CPU @ 3.10GHz * 2EA','64GB * 8EA','(ssd) 480 GB * 2EA , (hdd) 16 TB * 7EA','centos 7.8',0,14,'4',11,2,'N/A','MASQ016507','2021-10-21','9999-12-31','2023-06-30','2028-12-31'),('SV20210099','Intel® Xeon® Silver 4214R CPU @ 2.40GHz * 2EA','16GB * 2EA','\"(ssd) 4000GB * 1 EA','centos 7.9',0,2,'9',15,1,'N/A','N/A','2021-10-21','9999-12-31','9999-12-31','9999-12-31'),('SV20210100','N/A','N/A','960GB * 1EA, (hdd) -\"','N/A',0,12,'6',6,1,'N/A','N/A','2021-10-21','9999-12-31','9999-12-31','9999-12-31'),('SV20210101','N/A','N/A','(ssd) -, (hdd) -','N/A',0,2,'5',8,18,'N/A','N/A','2021-10-21','9999-12-31','9999-12-31','9999-12-31');
/*!40000 ALTER TABLE `equipment_detail` ENABLE KEYS */;
UNLOCK TABLES;

--
-- Table structure for table `equipment_regist_hw`
--

DROP TABLE IF EXISTS `equipment_regist_hw`;
/*!40101 SET @saved_cs_client     = @@character_set_client */;
/*!40101 SET character_set_client = utf8 */;
CREATE TABLE `equipment_regist_hw` (
  `idx` int(11) NOT NULL AUTO_INCREMENT COMMENT 'idx',
  `eqp_manage_id` varchar(10) NOT NULL COMMENT '장비관리번호 (장비구분2 + 포설년도4 + 일련번호4)',
  `eqp_link_manage_id` varchar(10) NOT NULL COMMENT '장비 연결정보 관리번호 (장비구분2 + 포설년도4 + 일련번호4)',
  `eqp_port` varchar(30) DEFAULT NULL COMMENT '장비 포트',
  `eqp_link_port` varchar(30) DEFAULT NULL COMMENT '연결장비 포트',
  PRIMARY KEY (`idx`),
  KEY `equipment_regist_hw_ibpk_1` (`idx`),
  KEY `equipment_regist_hw_ibfk_1` (`eqp_manage_id`),
  KEY `equipment_regist_hw_ibfk_2` (`eqp_link_manage_id`),
  CONSTRAINT `equipment_regist_hw_ibfk_1` FOREIGN KEY (`eqp_manage_id`) REFERENCES `equipment_basic` (`eqp_manage_id`),
  CONSTRAINT `equipment_regist_hw_ibfk_2` FOREIGN KEY (`eqp_link_manage_id`) REFERENCES `equipment_basic` (`eqp_manage_id`)
) ENGINE=InnoDB AUTO_INCREMENT=1569 DEFAULT CHARSET=utf8 COMMENT='장비 연결정보';
/*!40101 SET character_set_client = @saved_cs_client */;

--
-- Dumping data for table `equipment_regist_hw`
--

LOCK TABLES `equipment_regist_hw` WRITE;
/*!40000 ALTER TABLE `equipment_regist_hw` DISABLE KEYS */;
INSERT INTO `equipment_regist_hw` VALUES (1061,'BK20210001','NW20210037','port#1','port#1'),(1062,'BK20210001','NW20210038','port#2','port#1'),(1063,'ET21210001','NW20210035','port#1','port#2'),(1064,'ET21210001','NW20210036','port#2','port#2'),(1065,'NW20210025','SC20210015','port#1','port#1'),(1066,'NW20210026','SC20210016','port#1','port#1'),(1067,'NW20210031','NW20210032','port#1','port#1'),(1068,'NW20210031','SC20210011','port#2','port#1'),(1069,'NW20210031','SC20210013','port#3','port#1'),(1070,'NW20210031','SC20210015','port#4','port#1'),(1071,'NW20210031','SC20210021','port#5','port#2'),(1072,'NW20210032','NW20210031','port#1','port#1'),(1073,'NW20210032','SC20210012','port#2','port#1'),(1074,'NW20210032','SC20210014','port#3','port#1'),(1075,'NW20210032','SC20210016','port#4','port#1'),(1076,'NW20210032','SC20210023','port#5','port#2'),(1077,'NW20210033','NW20210034','port#1','port#1'),(1078,'NW20210033','SC20210009','port#2','port#1'),(1079,'NW20210033','SC20210020','port#3','port#1'),(1080,'NW20210034','NW20210033','port#1','port#1'),(1081,'NW20210034','SC20210010','port#2','port#1'),(1082,'NW20210034','SC20210022','port#3','port#1'),(1083,'NW20210035','NW20210036','port#1','port#1'),(1084,'NW20210035','NW20210039','port#2','port#1'),(1085,'NW20210035','SC20210013','port#3','port#3'),(1086,'NW20210035','ST20210001','port#4','port#3'),(1087,'NW20210035','SV20210005','port#5','port#1'),(1088,'NW20210035','SV20210006','port#6','port#1'),(1089,'NW20210035','SV20210007','port#7','port#1'),(1090,'NW20210035','SV20210008','port#8','port#1'),(1091,'NW20210035','SV20210009','port#9','port#1'),(1092,'NW20210035','SV20210010','port#10','port#1'),(1093,'NW20210035','SV20210011','port#11','port#1'),(1094,'NW20210035','SV20210014','port#12','port#1'),(1095,'NW20210035','SV20210056','port#13','port#2'),(1096,'NW20210035','SV20210057','port#14','port#1'),(1097,'NW20210035','SV20210058','port#15','port#3'),(1098,'NW20210035','SV20210059','port#16','port#3'),(1099,'NW20210035','SV20210060','port#17','port#2'),(1100,'NW20210035','SV20210065','port#18','port#2'),(1101,'NW20210035','SV20210066','port#19','port#2'),(1102,'NW20210035','SV20210067','port#20','port#2'),(1103,'NW20210035','SV20210097','port#21','port#2'),(1104,'NW20210035','SV20210098','port#22','port#2'),(1105,'NW20210036','NW20210037','port#1','port#1'),(1106,'NW20210036','NW20210040','port#2','port#1'),(1107,'NW20210036','SC20210014','port#3','port#1'),(1108,'NW20210036','ST20210001','port#4','port#1'),(1109,'NW20210036','SV20210005','port#5','port#1'),(1110,'NW20210036','SV20210006','port#6','port#2'),(1111,'NW20210036','SV20210007','port#7','port#1'),(1112,'NW20210036','SV20210008','port#8','port#1'),(1113,'NW20210036','SV20210009','port#9','port#1'),(1114,'NW20210036','SV20210010','port#10','port#1'),(1115,'NW20210036','SV20210011','port#11','port#1'),(1116,'NW20210036','SV20210014','port#12','port#1'),(1117,'NW20210036','SV20210056','port#13','port#1'),(1118,'NW20210036','SV20210057','port#14','port#1'),(1119,'NW20210036','SV20210058','port#15','port#1'),(1120,'NW20210036','SV20210059','port#16','port#1'),(1121,'NW20210036','SV20210060','port#17','port#1'),(1122,'NW20210036','SV20210065','port#18','port#1'),(1123,'NW20210036','SV20210066','port#19','port#1'),(1124,'NW20210036','SV20210067','port#20','port#1'),(1125,'NW20210036','SV20210097','port#21','port#1'),(1126,'NW20210036','SV20210098','port#22','port#1'),(1127,'NW20210037','BK20210001','port#1','port#1'),(1128,'NW20210037','ET21210001','port#2','port#2'),(1129,'NW20210037','NW20210036','port#3','port#1'),(1130,'NW20210037','SC20210015','port#4','port#2'),(1131,'NW20210037','SC20210028','port#5','port#2'),(1132,'NW20210037','SC20210029','port#6','port#2'),(1133,'NW20210037','SC20210030','port#7','port#2'),(1134,'NW20210037','SC20210031','port#8','port#2'),(1135,'NW20210037','SV20210013','port#9','port#2'),(1136,'NW20210037','SV20210055','port#10','port#2'),(1137,'NW20210037','SV20210101','port#11','port#2'),(1138,'NW20210038','BK20210001','port#1','port#2'),(1139,'NW20210038','ET21210001','port#2','port#2'),(1140,'NW20210038','NW20210035','port#3','port#2'),(1141,'NW20210038','SC20210016','port#4','port#2'),(1142,'NW20210038','SC20210028','port#5','port#2'),(1143,'NW20210038','SC20210030','port#6','port#2'),(1144,'NW20210038','SC20210031','port#7','port#2'),(1145,'NW20210038','SC20210032','port#8','port#2'),(1146,'NW20210038','SV20210053','port#9','port#2'),(1147,'NW20210038','SV20210055','port#10','port#2'),(1148,'NW20210038','SV20210101','port#11','port#2'),(1149,'NW20210039','NW20210037','port#1','port#2'),(1150,'NW20210039','NW20210040','port#2','port#1'),(1151,'NW20210039','SV20210016','port#3','port#1'),(1152,'NW20210039','SV20210017','port#4','port#1'),(1153,'NW20210039','SV20210018','port#5','port#1'),(1154,'NW20210039','SV20210019','port#6','port#1'),(1155,'NW20210039','SV20210022','port#7','port#1'),(1156,'NW20210039','SV20210023','port#8','port#1'),(1157,'NW20210039','SV20210024','port#9','port#1'),(1158,'NW20210039','SV20210025','port#10','port#1'),(1159,'NW20210039','SV20210026','port#11','port#1'),(1160,'NW20210039','SV20210027','port#12','port#1'),(1161,'NW20210039','SV20210028','port#13','port#1'),(1162,'NW20210039','SV20210029','port#14','port#1'),(1163,'NW20210039','SV20210030','port#15','port#1'),(1164,'NW20210039','SV20210031','port#16','port#1'),(1165,'NW20210039','SV20210032','port#17','port#1'),(1166,'NW20210039','SV20210033','port#18','port#1'),(1167,'NW20210039','SV20210034','port#19','port#1'),(1168,'NW20210039','SV20210035','port#20','port#1'),(1169,'NW20210039','SV20210036','port#21','port#1'),(1170,'NW20210039','SV20210037','port#22','port#1'),(1171,'NW20210039','SV20210038','port#23','port#1'),(1172,'NW20210039','SV20210039','port#24','port#1'),(1173,'NW20210039','SV20210040','port#25','port#1'),(1174,'NW20210039','SV20210041','port#26','port#1'),(1175,'NW20210039','SV20210042','port#27','port#1'),(1176,'NW20210039','SV20210043','port#28','port#1'),(1177,'NW20210039','SV20210044','port#29','port#1'),(1178,'NW20210039','SV20210045','port#30','port#1'),(1179,'NW20210039','SV20210046','port#31','port#1'),(1180,'NW20210039','SV20210047','port#32','port#1'),(1181,'NW20210039','SV20210048','port#33','port#1'),(1182,'NW20210039','SV20210049','port#34','port#1'),(1183,'NW20210039','SV20210050','port#35','port#1'),(1184,'NW20210039','SV20210051','port#36','port#1'),(1185,'NW20210040','NW20210037','port#1','port#1'),(1186,'NW20210040','NW20210039','port#2','port#1'),(1187,'NW20210040','SV20210016','port#3','port#1'),(1188,'NW20210040','SV20210017','port#4','port#1'),(1189,'NW20210040','SV20210018','port#5','port#2'),(1190,'NW20210040','SV20210019','port#6','port#2'),(1191,'NW20210040','SV20210022','port#7','port#2'),(1192,'NW20210040','SV20210023','port#8','port#2'),(1193,'NW20210040','SV20210024','port#9','port#2'),(1194,'NW20210040','SV20210025','port#10','port#2'),(1195,'NW20210040','SV20210026','port#11','port#2'),(1196,'NW20210040','SV20210027','port#12','port#2'),(1197,'NW20210040','SV20210028','port#13','port#2'),(1198,'NW20210040','SV20210029','port#14','port#2'),(1199,'NW20210040','SV20210030','port#15','port#2'),(1200,'NW20210040','SV20210031','port#16','port#2'),(1201,'NW20210040','SV20210032','port#17','port#2'),(1202,'NW20210040','SV20210033','port#18','port#2'),(1203,'NW20210040','SV20210034','port#19','port#2'),(1204,'NW20210040','SV20210035','port#20','port#2'),(1205,'NW20210040','SV20210036','port#21','port#2'),(1206,'NW20210040','SV20210037','port#22','port#2'),(1207,'NW20210040','SV20210038','port#23','port#2'),(1208,'NW20210040','SV20210039','port#24','port#2'),(1209,'NW20210040','SV20210040','port#25','port#2'),(1210,'NW20210040','SV20210041','port#26','port#2'),(1211,'NW20210040','SV20210042','port#27','port#2'),(1212,'NW20210040','SV20210043','port#28','port#2'),(1213,'NW20210040','SV20210044','port#29','port#2'),(1214,'NW20210040','SV20210045','port#30','port#2'),(1215,'NW20210040','SV20210046','port#31','port#2'),(1216,'NW20210040','SV20210047','port#32','port#2'),(1217,'NW20210040','SV20210048','port#33','port#2'),(1218,'NW20210040','SV20210049','port#34','port#2'),(1219,'NW20210040','SV20210050','port#35','port#2'),(1220,'NW20210040','SV20210051','port#36','port#2'),(1221,'NW20210041','NW20210037','port#1','port#2'),(1222,'NW20210041','ST20210002','port#2','port#2'),(1223,'NW20210041','SV20210070','port#3','port#2'),(1224,'NW20210041','SV20210071','port#4','port#2'),(1225,'NW20210041','SV20210078','port#5','port#2'),(1226,'NW20210041','SV20210079','port#6','port#2'),(1227,'NW20210041','SV20210080','port#7','port#2'),(1228,'NW20210041','SV20210081','port#8','port#2'),(1229,'NW20210041','SV20210082','port#9','port#2'),(1230,'NW20210041','SV20210083','port#10','port#1'),(1231,'NW20210041','SV20210084','port#11','port#1'),(1232,'NW20210041','SV20210085','port#12','port#1'),(1233,'NW20210041','SV20210086','port#13','port#1'),(1234,'NW20210041','SV20210087','port#14','port#1'),(1235,'NW20210041','SV20210088','port#15','port#1'),(1236,'NW20210041','SV20210089','port#16','port#1'),(1237,'NW20210041','SV20210090','port#17','port#1'),(1238,'NW20210042','NW20210038','port#1','port#1'),(1239,'NW20210042','ST20210002','port#2','port#1'),(1240,'NW20210042','SV20210070','port#3','port#1'),(1241,'NW20210042','SV20210071','port#4','port#1'),(1242,'NW20210042','SV20210078','port#5','port#1'),(1243,'NW20210042','SV20210079','port#6','port#1'),(1244,'NW20210042','SV20210080','port#7','port#1'),(1245,'NW20210042','SV20210081','port#8','port#1'),(1246,'NW20210042','SV20210082','port#9','port#1'),(1247,'NW20210042','SV20210083','port#10','port#1'),(1248,'NW20210042','SV20210084','port#11','port#1'),(1249,'NW20210042','SV20210085','port#12','port#2'),(1250,'NW20210042','SV20210086','port#13','port#2'),(1251,'NW20210042','SV20210087','port#14','port#2'),(1252,'NW20210042','SV20210088','port#15','port#2'),(1253,'NW20210042','SV20210089','port#16','port#2'),(1254,'NW20210042','SV20210090','port#17','port#2'),(1255,'NW20210043','NW20210044','port#1','port#2'),(1256,'NW20210043','SC20210001','port#2','port#2'),(1257,'NW20210044','NW20210043','port#1','port#1'),(1258,'NW20210044','SC20210002','port#2','port#3'),(1259,'NW20210045','SC20210003','port#1','port#1'),(1260,'NW20210045','SC20210004','port#2','port#1'),(1261,'NW20210046','NW20210045','port#1','port#1'),(1262,'NW20210046','SC20210004','port#2','port#1'),(1263,'NW20210047','NW20210048','port#1','port#1'),(1264,'NW20210047','SC20210017','port#2','port#1'),(1265,'NW20210047','SV20210012','port#3','port#1'),(1266,'NW20210047','SV20210052','port#4','port#1'),(1267,'NW20210047','SV20210069','port#5','port#1'),(1268,'NW20210047','SV20210093','port#6','port#1'),(1269,'NW20210047','SV20210094','port#7','port#1'),(1270,'NW20210047','SV20210095','port#8','port#1'),(1271,'NW20210047','SV20210096','port#9','port#1'),(1272,'NW20210048','NW20210047','port#1','port#1'),(1273,'NW20210048','SC20210018','port#2','port#1'),(1274,'NW20210048','SV20210012','port#3','port#1'),(1275,'NW20210048','SV20210015','port#4','port#1'),(1276,'NW20210048','SV20210069','port#5','port#1'),(1277,'NW20210048','SV20210093','port#6','port#1'),(1278,'NW20210048','SV20210094','port#7','port#1'),(1279,'NW20210048','SV20210095','port#8','port#3'),(1280,'NW20210048','SV20210096','port#9','port#2'),(1281,'NW20210049','NW20210050','port#1','port#2'),(1282,'NW20210049','SC20210013','port#2','port#2'),(1283,'NW20210049','SV20210001','port#3','port#2'),(1284,'NW20210049','SV20210002','port#4','port#2'),(1285,'NW20210049','SV20210003','port#5','port#2'),(1286,'NW20210049','SV20210004','port#6','port#2'),(1287,'NW20210049','SV20210020','port#7','port#2'),(1288,'NW20210049','SV20210021','port#8','port#2'),(1289,'NW20210049','SV20210061','port#9','port#2'),(1290,'NW20210049','SV20210062','port#10','port#2'),(1291,'NW20210049','SV20210063','port#11','port#2'),(1292,'NW20210049','SV20210064','port#12','port#2'),(1293,'NW20210049','SV20210068','port#13','port#2'),(1294,'NW20210049','SV20210072','port#14','port#2'),(1295,'NW20210049','SV20210074','port#15','port#2'),(1296,'NW20210049','SV20210075','port#16','port#2'),(1297,'NW20210049','SV20210091','port#17','port#2'),(1298,'NW20210049','SV20210092','port#18','port#1'),(1299,'NW20210050','NW20210049','port#1','port#2'),(1300,'NW20210050','SC20210015','port#2','port#1'),(1301,'NW20210050','SV20210001','port#3','port#1'),(1302,'NW20210050','SV20210002','port#4','port#2'),(1303,'NW20210050','SV20210003','port#5','port#1'),(1304,'NW20210050','SV20210004','port#6','port#2'),(1305,'NW20210050','SV20210020','port#7','port#2'),(1306,'NW20210050','SV20210021','port#8','port#2'),(1307,'NW20210050','SV20210061','port#9','port#1'),(1308,'NW20210050','SV20210062','port#10','port#2'),(1309,'NW20210050','SV20210063','port#11','port#2'),(1310,'NW20210050','SV20210064','port#12','port#2'),(1311,'NW20210050','SV20210068','port#13','port#2'),(1312,'NW20210050','SV20210072','port#14','port#3'),(1313,'NW20210050','SV20210073','port#15','port#2'),(1314,'NW20210050','SV20210074','port#16','port#2'),(1315,'NW20210050','SV20210075','port#17','port#2'),(1316,'NW20210050','SV20210091','port#18','port#2'),(1317,'NW20210050','SV20210092','port#19','port#2'),(1318,'SC20210001','NW20210043','port#1','port#2'),(1319,'SC20210001','SC20210005','port#2','port#3'),(1320,'SC20210002','NW20210044','port#1','port#2'),(1321,'SC20210002','SC20210006','port#2','port#1'),(1322,'SC20210003','NW20210045','port#1','port#1'),(1323,'SC20210003','SC20210004','port#2','port#2'),(1324,'SC20210003','SC20210007','port#3','port#2'),(1325,'SC20210004','NW20210046','port#1','port#3'),(1326,'SC20210004','SC20210003','port#2','port#2'),(1327,'SC20210005','SC20210001','port#1','port#1'),(1328,'SC20210005','SC20210009','port#2','port#2'),(1329,'SC20210006','SC20210002','port#1','port#3'),(1330,'SC20210006','SC20210010','port#2','port#3'),(1331,'SC20210007','SC20210003','port#1','port#3'),(1332,'SC20210007','SC20210008','port#2','port#1'),(1333,'SC20210007','SC20210011','port#3','port#2'),(1334,'SC20210008','SC20210004','port#1','port#3'),(1335,'SC20210008','SC20210007','port#2','port#1'),(1336,'SC20210008','SC20210011','port#3','port#3'),(1337,'SC20210009','NW20210033','port#1','port#3'),(1338,'SC20210009','SC20210005','port#2','port#2'),(1339,'SC20210009','SC20210010','port#3','port#4'),(1340,'SC20210009','SC20210017','port#4','port#3'),(1341,'SC20210009','SC20210024','port#5','port#3'),(1342,'SC20210010','NW20210034','port#1','port#4'),(1343,'SC20210010','SC20210006','port#2','port#1'),(1344,'SC20210010','SC20210009','port#3','port#4'),(1345,'SC20210010','SC20210018','port#4','port#4'),(1346,'SC20210010','SC20210025','port#5','port#2'),(1347,'SC20210011','NW20210031','port#1','port#4'),(1348,'SC20210011','SC20210007','port#2','port#1'),(1349,'SC20210011','SC20210012','port#3','port#4'),(1350,'SC20210011','SC20210026','port#4','port#4'),(1351,'SC20210012','NW20210032','port#1','port#4'),(1352,'SC20210012','SC20210008','port#2','port#2'),(1353,'SC20210012','SC20210011','port#3','port#4'),(1354,'SC20210012','SC20210027','port#4','port#3'),(1355,'SC20210013','NW20210031','port#1','port#2'),(1356,'SC20210013','NW20210037','port#2','port#4'),(1357,'SC20210013','NW20210049','port#3','port#3'),(1358,'SC20210013','SC20210014','port#4','port#3'),(1359,'SC20210014','NW20210032','port#1','port#2'),(1360,'SC20210014','NW20210038','port#2','port#5'),(1361,'SC20210014','NW20210050','port#3','port#2'),(1362,'SC20210014','SC20210013','port#4','port#3'),(1363,'SC20210015','NW20210025','port#1','port#2'),(1364,'SC20210015','NW20210031','port#2','port#5'),(1365,'SC20210015','NW20210035','port#3','port#2'),(1366,'SC20210015','SC20210016','port#4','port#5'),(1367,'SC20210016','NW20210026','port#1','port#5'),(1368,'SC20210016','NW20210032','port#2','port#4'),(1369,'SC20210016','NW20210036','port#3','port#4'),(1370,'SC20210016','SC20210015','port#4','port#5'),(1371,'SC20210017','NW20210047','port#1','port#5'),(1372,'SC20210017','SC20210009','port#2','port#6'),(1373,'SC20210017','SC20210018','port#3','port#7'),(1374,'SC20210018','NW20210048','port#1','port#6'),(1375,'SC20210018','SC20210010','port#2','port#8'),(1376,'SC20210018','SC20210017','port#3','port#7'),(1377,'SC20210020','NW20210033','port#1','port#8'),(1378,'SC20210020','SC20210021','port#2','port#4'),(1379,'SC20210021','NW20210031','port#1','port#4'),(1380,'SC20210021','SC20210020','port#2','port#2'),(1381,'SC20210022','NW20210034','port#1','port#2'),(1382,'SC20210022','SC20210023','port#2','port#3'),(1383,'SC20210023','NW20210032','port#1','port#3'),(1384,'SC20210023','SC20210022','port#2','port#4'),(1385,'SC20210024','SC20210009','port#1','port#4'),(1386,'SC20210025','SC20210010','port#1','port#5'),(1387,'SC20210026','SC20210011','port#1','port#5'),(1388,'SC20210027','SC20210012','port#1','port#6'),(1389,'SC20210028','NW20210035','port#1','port#6'),(1390,'SC20210028','NW20210036','port#2','port#5'),(1391,'SC20210029','NW20210035','port#1','port#5'),(1392,'SC20210029','NW20210036','port#2','port#6'),(1393,'SC20210030','NW20210049','port#1','port#6'),(1394,'SC20210030','NW20210050','port#2','port#7'),(1395,'SC20210031','NW20210035','port#1','port#7'),(1396,'SC20210031','NW20210036','port#2','port#8'),(1397,'SC20210032','NW20210035','port#1','port#8'),(1398,'SC20210032','NW20210036','port#2','port#9'),(1399,'SC20210033','SC20210009','port#1','port#9'),(1400,'SC20210034','NW20210026','port#1','port#10'),(1401,'ST20210001','NW20210037','port#1','port#10'),(1402,'ST20210001','NW20210038','port#2','port#11'),(1403,'SV20210001','NW20210049','port#1','port#11'),(1404,'SV20210002','NW20210049','port#1','port#3'),(1405,'SV20210002','NW20210050','port#2','port#3'),(1406,'SV20210003','NW20210049','port#1','port#9'),(1407,'SV20210003','NW20210050','port#2','port#12'),(1408,'SV20210004','NW20210049','port#1','port#12'),(1409,'SV20210004','NW20210050','port#2','port#4'),(1410,'SV20210005','NW20210037','port#1','port#3'),(1411,'SV20210005','NW20210038','port#2','port#3'),(1412,'SV20210006','NW20210037','port#1','port#4'),(1413,'SV20210006','NW20210038','port#2','port#4'),(1414,'SV20210007','NW20210037','port#1','port#5'),(1415,'SV20210007','NW20210038','port#2','port#5'),(1416,'SV20210008','NW20210037','port#1','port#6'),(1417,'SV20210008','NW20210038','port#2','port#6'),(1418,'SV20210009','NW20210037','port#1','port#7'),(1419,'SV20210009','NW20210038','port#2','port#7'),(1420,'SV20210010','NW20210037','port#1','port#8'),(1421,'SV20210010','NW20210038','port#2','port#8'),(1422,'SV20210011','NW20210037','port#1','port#7'),(1423,'SV20210011','NW20210038','port#2','port#7'),(1424,'SV20210012','NW20210047','port#1','port#8'),(1425,'SV20210012','NW20210048','port#2','port#8'),(1426,'SV20210013','NW20210035','port#1','port#9'),(1427,'SV20210015','NW20210047','port#1','port#9'),(1428,'SV20210015','NW20210048','port#2','port#10'),(1429,'SV20210016','NW20210039','port#1','port#10'),(1430,'SV20210016','NW20210040','port#2','port#11'),(1431,'SV20210017','NW20210039','port#1','port#11'),(1432,'SV20210017','NW20210040','port#2','port#12'),(1433,'SV20210018','NW20210039','port#1','port#12'),(1434,'SV20210018','NW20210040','port#2','port#13'),(1435,'SV20210019','NW20210039','port#1','port#13'),(1436,'SV20210019','NW20210040','port#2','port#14'),(1437,'SV20210020','NW20210049','port#1','port#14'),(1438,'SV20210020','NW20210050','port#2','port#15'),(1439,'SV20210021','NW20210049','port#1','port#15'),(1440,'SV20210021','NW20210050','port#2','port#16'),(1441,'SV20210022','NW20210039','port#1','port#16'),(1442,'SV20210022','NW20210040','port#2','port#17'),(1443,'SV20210023','NW20210039','port#1','port#17'),(1444,'SV20210023','NW20210040','port#2','port#18'),(1445,'SV20210024','NW20210039','port#1','port#18'),(1446,'SV20210024','NW20210040','port#2','port#19'),(1447,'SV20210025','NW20210039','port#1','port#19'),(1448,'SV20210025','NW20210040','port#2','port#20'),(1449,'SV20210026','NW20210039','port#1','port#20'),(1450,'SV20210026','NW20210040','port#2','port#21'),(1451,'SV20210027','NW20210039','port#1','port#21'),(1452,'SV20210027','NW20210040','port#2','port#22'),(1453,'SV20210028','NW20210039','port#1','port#22'),(1454,'SV20210028','NW20210040','port#2','port#23'),(1455,'SV20210029','NW20210039','port#1','port#23'),(1456,'SV20210029','NW20210040','port#2','port#24'),(1457,'SV20210030','NW20210039','port#1','port#24'),(1458,'SV20210030','NW20210040','port#2','port#25'),(1459,'SV20210031','NW20210039','port#1','port#25'),(1460,'SV20210031','NW20210040','port#2','port#26'),(1461,'SV20210032','NW20210039','port#1','port#26'),(1462,'SV20210032','NW20210040','port#2','port#27'),(1463,'SV20210033','NW20210039','port#1','port#27'),(1464,'SV20210033','NW20210040','port#2','port#28'),(1465,'SV20210034','NW20210039','port#1','port#28'),(1466,'SV20210034','NW20210040','port#2','port#29'),(1467,'SV20210035','NW20210039','port#1','port#29'),(1468,'SV20210035','NW20210040','port#2','port#30'),(1469,'SV20210036','NW20210039','port#1','port#30'),(1470,'SV20210036','NW20210040','port#2','port#31'),(1471,'SV20210037','NW20210039','port#1','port#31'),(1472,'SV20210037','NW20210040','port#2','port#32'),(1473,'SV20210038','NW20210039','port#1','port#32'),(1474,'SV20210038','NW20210040','port#2','port#33'),(1475,'SV20210039','NW20210039','port#1','port#33'),(1476,'SV20210039','NW20210040','port#2','port#34'),(1477,'SV20210040','NW20210039','port#1','port#34'),(1478,'SV20210040','NW20210040','port#2','port#35'),(1479,'SV20210041','NW20210039','port#1','port#35'),(1480,'SV20210041','NW20210040','port#2','port#36'),(1481,'SV20210042','NW20210039','port#1','port#36'),(1482,'SV20210042','NW20210040','port#2','port#4'),(1483,'SV20210043','NW20210039','port#1','port#9'),(1484,'SV20210043','NW20210040','port#2','port#10'),(1485,'SV20210044','NW20210039','port#1','port#10'),(1486,'SV20210044','NW20210040','port#2','port#13'),(1487,'SV20210045','NW20210039','port#1','port#13'),(1488,'SV20210045','NW20210040','port#2','port#14'),(1489,'SV20210046','NW20210039','port#1','port#14'),(1490,'SV20210046','NW20210040','port#2','port#15'),(1491,'SV20210047','NW20210039','port#1','port#15'),(1492,'SV20210047','NW20210040','port#2','port#16'),(1493,'SV20210048','NW20210039','port#1','port#16'),(1494,'SV20210048','NW20210040','port#2','port#17'),(1495,'SV20210049','NW20210039','port#1','port#17'),(1496,'SV20210049','NW20210040','port#2','port#9'),(1497,'SV20210050','NW20210039','port#1','port#9'),(1498,'SV20210050','NW20210040','port#2','port#10'),(1499,'SV20210051','NW20210039','port#1','port#10'),(1500,'SV20210051','NW20210040','port#2','port#11'),(1501,'SV20210052','NW20210047','port#1','port#11'),(1502,'SV20210052','NW20210048','port#2','port#12'),(1503,'SV20210053','NW20210035','port#1','port#12'),(1504,'SV20210053','NW20210036','port#2','port#18'),(1505,'SV20210055','NW20210035','port#1','port#18'),(1506,'SV20210056','NW20210037','port#1','port#19'),(1507,'SV20210056','NW20210038','port#2','port#19'),(1508,'SV20210057','NW20210037','port#1','port#20'),(1509,'SV20210057','NW20210038','port#2','port#20'),(1510,'SV20210058','NW20210037','port#1','port#13'),(1511,'SV20210058','NW20210038','port#2','port#13'),(1512,'SV20210059','NW20210037','port#1','port#5'),(1513,'SV20210059','NW20210038','port#2','port#5'),(1514,'SV20210060','NW20210037','port#1','port#3'),(1515,'SV20210060','NW20210038','port#2','port#3'),(1516,'SV20210061','NW20210049','port#1','port#4'),(1517,'SV20210061','NW20210050','port#2','port#4'),(1518,'SV20210062','NW20210049','port#1','port#14'),(1519,'SV20210062','NW20210050','port#2','port#14'),(1520,'SV20210063','NW20210049','port#1','port#15'),(1521,'SV20210063','NW20210050','port#2','port#15'),(1522,'SV20210064','NW20210049','port#1','port#16'),(1523,'SV20210064','NW20210050','port#2','port#16'),(1524,'SV20210065','NW20210037','port#1','port#17'),(1525,'SV20210065','NW20210038','port#2','port#5'),(1526,'SV20210066','NW20210037','port#1','port#5'),(1527,'SV20210066','NW20210038','port#2','port#6'),(1528,'SV20210067','NW20210039','port#1','port#6'),(1529,'SV20210067','NW20210040','port#2','port#7'),(1530,'SV20210068','NW20210049','port#1','port#7'),(1531,'SV20210068','NW20210050','port#2','port#8'),(1532,'SV20210069','NW20210047','port#1','port#8'),(1533,'SV20210069','NW20210048','port#2','port#9'),(1534,'SV20210072','NW20210049','port#1','port#9'),(1535,'SV20210072','NW20210050','port#2','port#10'),(1536,'SV20210073','NW20210049','port#1','port#10'),(1537,'SV20210074','NW20210049','port#1','port#11'),(1538,'SV20210074','NW20210050','port#2','port#11'),(1539,'SV20210075','NW20210049','port#1','port#12'),(1540,'SV20210075','NW20210050','port#2','port#12'),(1541,'SV20210080','NW20210039','port#1','port#13'),(1542,'SV20210080','NW20210040','port#2','port#13'),(1543,'SV20210081','NW20210039','port#1','port#14'),(1544,'SV20210081','NW20210040','port#2','port#14'),(1545,'SV20210089','NW20210039','port#1','port#15'),(1546,'SV20210089','NW20210040','port#2','port#15'),(1547,'SV20210090','NW20210039','port#1','port#16'),(1548,'SV20210090','NW20210040','port#2','port#16'),(1549,'SV20210091','NW20210049','port#1','port#17'),(1550,'SV20210091','NW20210050','port#2','port#17'),(1551,'SV20210092','NW20210049','port#1','port#17'),(1552,'SV20210092','NW20210050','port#2','port#18'),(1553,'SV20210093','NW20210047','port#1','port#18'),(1554,'SV20210093','NW20210048','port#2','port#19'),(1555,'SV20210094','NW20210047','port#1','port#6'),(1556,'SV20210094','NW20210048','port#2','port#6'),(1557,'SV20210095','NW20210047','port#1','port#7'),(1558,'SV20210095','NW20210048','port#2','port#7'),(1559,'SV20210096','NW20210047','port#1','port#8'),(1560,'SV20210096','NW20210048','port#2','port#8'),(1561,'SV20210097','NW20210037','port#1','port#9'),(1562,'SV20210097','NW20210038','port#2','port#9'),(1563,'SV20210098','NW20210037','port#1','port#21'),(1564,'SV20210098','NW20210038','port#2','port#21'),(1565,'SV20210099','NW20210049','port#1','port#22'),(1566,'SV20210099','NW20210050','port#2','port#22'),(1567,'SV20210101','NW20210035','port#1','port#11'),(1568,'SV20210101','NW20210036','port#2','port#11');
/*!40000 ALTER TABLE `equipment_regist_hw` ENABLE KEYS */;
UNLOCK TABLES;

--
-- Table structure for table `equipment_regist_ip`
--

DROP TABLE IF EXISTS `equipment_regist_ip`;
/*!40101 SET @saved_cs_client     = @@character_set_client */;
/*!40101 SET character_set_client = utf8 */;
CREATE TABLE `equipment_regist_ip` (
  `idx` int(11) NOT NULL AUTO_INCREMENT COMMENT 'idx',
  `eqp_manage_id` varchar(10) NOT NULL COMMENT '장비관리번호 (장비구분2 + 포설년도4 + 일련번호4)',
  `ip` varchar(15) NOT NULL COMMENT '장비 IP ADDRESS',
  PRIMARY KEY (`idx`),
  KEY `equipment_regist_ip_ibpk_1` (`idx`),
  KEY `equipment_regist_ip_ibfk_1` (`eqp_manage_id`),
  CONSTRAINT `equipment_regist_ip_ibfk_1` FOREIGN KEY (`eqp_manage_id`) REFERENCES `equipment_basic` (`eqp_manage_id`)
) ENGINE=InnoDB AUTO_INCREMENT=628 DEFAULT CHARSET=utf8 COMMENT='장비 IP 등록정보';
/*!40101 SET character_set_client = @saved_cs_client */;

--
-- Dumping data for table `equipment_regist_ip`
--

LOCK TABLES `equipment_regist_ip` WRITE;
/*!40000 ALTER TABLE `equipment_regist_ip` DISABLE KEYS */;
INSERT INTO `equipment_regist_ip` VALUES (229,'SV20210041','10.100.10.76'),(230,'SV20210042','10.100.10.131'),(231,'SV20210043','10.100.10.132'),(232,'SV20210044','10.100.10.133'),(233,'SV20210045','10.100.10.134'),(234,'SV20210046','10.100.10.135'),(235,'SV20210047','10.100.10.136'),(236,'SV20210048','10.100.10.137'),(237,'SV20210049','10.100.10.138'),(238,'SV20210050','10.100.10.139'),(239,'SV20210051','10.100.10.140'),(240,'SV20210052','172.16.30.25'),(241,'SV20210053','10.100.50.152'),(242,'SV20210054','10.100.30.81'),(243,'SV20210055','10.100.50.41'),(244,'SV20210056','10.100.30.71'),(245,'SV20210057','10.100.30.72'),(246,'SV20210058','10.100.30.73'),(247,'SV20210059','10.100.30.101'),(248,'SV20210060','10.100.30.102'),(249,'SV20210061','10.100.40.81'),(250,'SV20210062','10.100.40.82'),(251,'SV20210063','10.100.40.71'),(252,'SV20210064','10.100.40.72'),(253,'SV20210065','10.100.30.91'),(254,'SV20210066','10.100.30.92'),(255,'SV20210067','10.100.30.93'),(256,'SV20210068','10.100.40.121'),(257,'SV20210069','172.16.30.124'),(258,'SV20210070','10.100.20.61'),(259,'SV20210071','10.100.20.62'),(260,'SV20210072','10.100.40.21'),(261,'SV20210073','10.100.40.41'),(262,'SV20210074','10.100.40.31'),(263,'SV20210075','10.100.40.51'),(264,'SV20210076','10.100.30.121'),(265,'SV20210077','10.100.30.122'),(266,'SV20210078','10.100.20.81'),(267,'SV20210079','10.100.20.82'),(268,'SV20210080','10.100.20.83'),(269,'SV20210081','10.100.20.84'),(270,'SV20210082','10.100.20.41'),(271,'SV20210083','10.100.20.51'),(272,'SV20210084','10.100.20.101'),(273,'SV20210085','10.100.20.102'),(274,'SV20210086','10.100.20.103'),(275,'SV20210087','10.100.20.111'),(276,'SV20210088','10.100.20.112'),(277,'SV20210089','10.100.20.113'),(278,'SV20210090','10.100.20.114'),(279,'SV20210091','10.100.40.91'),(280,'SV20210092','10.100.40.101'),(281,'SV20210093','172.16.30.21'),(282,'SV20210094','172.16.30.22'),(283,'SV20210095','172.16.30.23'),(284,'SV20210096','172.16.30.24'),(285,'SV20210097','10.100.30.61'),(286,'SV20210098','10.100.30.62'),(287,'SV20210099','10.100.40.131'),(288,'SV20210100','10.100.20.21'),(289,'SV20210101','10.10.50.161'),(290,'SC20210009','172.16.10.2'),(291,'SC20210010','172.16.10.3'),(292,'SC20210013','172.16.10.60'),(293,'SC20210014','172.16.10.61'),(294,'SC20210015','172.6.10.242'),(295,'SC20210016','172.6.10.243'),(296,'SC20210001','210.216.248.74'),(297,'SC20210002','210.216.248.74'),(298,'SC20210029','10.100.50.81'),(299,'SC20210033','10.100.70.208'),(300,'SC20210034','10.100.60.208'),(301,'SC20210031','10.100.50.111'),(302,'SC20210030','10.100.50.101'),(303,'SC20210032','10.100.50.117'),(304,'NW20210022','10.100.70.251'),(305,'NW20210023','10.100.80.251'),(306,'NW20210031','172.16.10.252'),(307,'NW20210032','172.16.10.253'),(308,'NW20210033','172.16.10.18'),(309,'NW20210034','172.16.10.19'),(310,'NW20210035','10.100.30.252'),(311,'NW20210036','10.100.30.253'),(312,'NW20210037','10.100.50.252'),(313,'NW20210038','10.100.50.253'),(314,'NW20210039','10.100.10.252'),(315,'NW20210040','10.100.10.253'),(316,'NW20210041','10.100.20.252'),(317,'NW20210042','10.100.20.253'),(318,'NW20210043','210.216.248.74'),(319,'NW20210044','210.216.248.75'),(320,'NW20210045','192.168.100.10'),(321,'NW20210046','192.168.100.11'),(322,'NW20210047','10.100.5.253'),(323,'NW20210048','10.100.5.252'),(324,'NW20210049','10.100.40.252'),(325,'NW20210050','10.100.40.253'),(326,'ST20210001','10.100.30.41'),(327,'ST20210002','10.100.20.21'),(328,'BK20210001','10.100.50.131'),(329,'ET21210001','10.100.50.121'),(330,'SV20210001','10.100.1.80'),(331,'SV20210002','10.100.1.163'),(332,'SV20210003','10.100.1.81'),(333,'SV20210004','10.100.1.123'),(334,'SV20210005','10.100.1.98'),(335,'SV20210006','10.100.1.99'),(336,'SV20210007','10.100.1.100'),(337,'SV20210008','10.100.1.101'),(338,'SV20210009','10.100.1.102'),(339,'SV20210010','10.100.1.104'),(340,'SV20210011','10.100.1.103'),(341,'SV20210012','10.100.1.139'),(342,'SV20210013','10.100.1.140'),(343,'SV20210014','10.100.1.79'),(344,'SV20210015','10.100.1.128'),(345,'SV20210016','10.100.1.32'),(346,'SV20210017','10.100.1.33'),(347,'SV20210018','10.100.1.34'),(348,'SV20210019','10.100.1.35'),(349,'SV20210020','10.100.1.107'),(350,'SV20210021','10.100.1.108'),(351,'SV20210022','10.100.1.40'),(352,'SV20210023','10.100.1.41'),(353,'SV20210024','10.100.1.42'),(354,'SV20210025','10.100.1.43'),(355,'SV20210026','10.100.1.44'),(356,'SV20210027','10.100.1.45'),(357,'SV20210028','10.100.1.46'),(358,'SV20210029','10.100.1.47'),(359,'SV20210030','10.100.1.48'),(360,'SV20210031','10.100.1.49'),(361,'SV20210032','10.100.1.50'),(362,'SV20210033','10.100.1.51'),(363,'SV20210034','10.100.1.52'),(364,'SV20210035','10.100.1.53'),(365,'SV20210036','10.100.1.54'),(366,'SV20210037','10.100.1.55'),(367,'SV20210038','10.100.1.56'),(368,'SV20210039','10.100.1.57'),(369,'SV20210040','10.100.1.58'),(370,'SV20210041','10.100.1.59'),(371,'SV20210042','10.100.1.66'),(372,'SV20210043','10.100.1.67'),(373,'SV20210044','10.100.1.68'),(374,'SV20210045','10.100.1.69'),(375,'SV20210046','10.100.1.70'),(376,'SV20210047','10.100.1.71'),(377,'SV20210048','10.100.1.72'),(378,'SV20210049','10.100.1.73'),(379,'SV20210050','10.100.1.74'),(380,'SV20210051','10.100.1.75'),(381,'SV20210052','10.100.1.25'),(382,'SV20210053','10.100.1.141'),(383,'SV20210054','10.100.1.36'),(384,'SV20210055','10.100.1.127'),(385,'SV20210056','10.100.1.121'),(386,'SV20210057','10.100.1.122'),(387,'SV20210058','10.100.1.37'),(388,'SV20210059','10.100.1.125'),(389,'SV20210060','10.100.1.126'),(390,'SV20210061','10.100.1.115'),(391,'SV20210062','10.100.1.116'),(392,'SV20210063','10.100.1.113'),(393,'SV20210064','10.100.1.114'),(394,'SV20210065','10.100.1.39'),(395,'SV20210066','10.100.1.62'),(396,'SV20210067','10.100.1.63'),(397,'SV20210068','10.100.1.38'),(398,'SV20210069','10.100.1.124'),(399,'SV20210070','10.100.1.84'),(400,'SV20210071','10.100.1.85'),(401,'SV20210072','10.100.1.109'),(402,'SV20210073','10.100.1.111'),(403,'SV20210074','10.100.1.110'),(404,'SV20210075','10.100.1.112'),(405,'SV20210076','10.100.1.89'),(406,'SV20210077','10.100.1.90'),(407,'SV20210078','10.100.1.87'),(408,'SV20210079','10.100.1.88'),(409,'SV20210080','10.100.1.64'),(410,'SV20210081','10.100.1.65'),(411,'SV20210082','10.100.1.82'),(412,'SV20210083','10.100.1.83'),(413,'SV20210084','10.100.1.91'),(414,'SV20210085','10.100.1.92'),(415,'SV20210086','10.100.1.93'),(416,'SV20210087','10.100.1.94'),(417,'SV20210088','10.100.1.95'),(418,'SV20210089','10.100.1.60'),(419,'SV20210090','10.100.1.61'),(420,'SV20210091','10.100.1.86'),(421,'SV20210092','10.100.1.78'),(422,'SV20210093','10.100.1.21'),(423,'SV20210094','10.100.1.22'),(424,'SV20210095','10.100.1.23'),(425,'SV20210096','10.100.1.24'),(426,'SV20210097','10.100.1.96'),(427,'SV20210098','10.100.1.97'),(428,'SC20210009','10.100.1.7'),(429,'SC20210010','10.100.1.8'),(430,'SC20210011','10.100.1.13'),(431,'SC20210012','10.100.1.14'),(432,'SC20210013','10.100.1.252'),(433,'SC20210014','10.100.1.253'),(434,'SC20210015','10.100.1.150'),(435,'SC20210016','10.100.1.151'),(436,'SC20210005','10.100.1.5'),(437,'SC20210006','10.100.1.6'),(438,'SC20210007','10.100.1.154'),(439,'SC20210008','10.100.1.155'),(440,'SC20210001','10.100.1.3'),(441,'SC20210002','10.100.1.4'),(442,'SC20210003','10.100.1.148'),(443,'SC20210004','10.100.1.149'),(444,'SC20210017','10.100.1.17'),(445,'SC20210018','10.100.1.18'),(446,'SC20210028','10.100.1.136'),(447,'SC20210020','172.16.10.28'),(448,'SC20210021','172.16.10.34'),(449,'SC20210022','172.16.10.29'),(450,'SC20210023','172.16.10.35'),(451,'SC20210024','10.100.1.156'),(452,'SC20210025','10.100.1.157'),(453,'SC20210026','10.100.1.152'),(454,'SC20210027','10.100.1.153'),(455,'NW20210021','10.100.1.144'),(456,'NW20210022','10.100.1.145'),(457,'NW20210023','10.100.1.16'),(458,'NW20210024','10.100.1.158'),(459,'NW20210025','10.100.1.142'),(460,'NW20210026','10.100.1.143'),(461,'NW20210027','10.100.1.159'),(462,'NW20210028','10.100.1.160'),(463,'NW20210029','10.100.1.161'),(464,'NW20210030','10.100.1.15'),(465,'NW20210031','10.100.1.11'),(466,'NW20210032','10.100.1.12'),(467,'NW20210033','10.100.1.9'),(468,'NW20210034','10.100.1.10'),(469,'NW20210035','10.100.1.26'),(470,'NW20210036','10.100.1.27'),(471,'NW20210037','10.100.1.119'),(472,'NW20210038','10.100.1.120'),(473,'NW20210039','10.100.1.28'),(474,'NW20210040','10.100.1.29'),(475,'NW20210041','10.100.1.30'),(476,'NW20210042','10.100.1.31'),(477,'NW20210043','10.100.1.1'),(478,'NW20210044','10.100.1.2'),(479,'NW20210045','10.100.1.146'),(480,'NW20210046','10.100.1.147'),(481,'NW20210047','10.100.1.19'),(482,'NW20210048','10.100.1.20'),(483,'NW20210049','10.100.1.105'),(484,'NW20210050','10.100.1.106'),(485,'ST20210001','10.100.1.129'),(486,'ST20210002','10.100.1.130'),(487,'SV20210001','10.100.40.111'),(488,'SV20210002','10.100.40.61'),(489,'SV20210003','10.100.40.112'),(490,'SV20210004','10.100.40.62'),(491,'SV20210005','10.100.30.11'),(492,'SV20210006','10.100.30.12'),(493,'SV20210007','10.100.30.21'),(494,'SV20210008','10.100.30.22'),(495,'SV20210009','10.100.30.23'),(496,'SV20210010','10.100.30.41'),(497,'SV20210011','10.100.30.31'),(498,'SV20210012','172.16.30.142'),(499,'SV20210013','10.100.50.142'),(500,'SV20210014','10.100.30.111'),(501,'SV20210015','172.16.30.128'),(502,'SV20210016','10.100.10.11'),(503,'SV20210017','10.100.10.12'),(504,'SV20210018','10.100.10.21'),(505,'SV20210019','10.100.10.22'),(506,'SV20210020','10.100.40.11'),(507,'SV20210021','10.100.40.12'),(508,'SV20210022','10.100.10.51'),(509,'SV20210023','10.100.10.52'),(510,'SV20210024','10.100.10.53'),(511,'SV20210025','10.100.10.54'),(512,'SV20210026','10.100.10.61'),(513,'SV20210027','10.100.10.62'),(514,'SV20210028','10.100.10.63'),(515,'SV20210029','10.100.10.64'),(516,'SV20210030','10.100.10.65'),(517,'SV20210031','10.100.10.66'),(518,'SV20210032','10.100.10.67'),(519,'SV20210033','10.100.10.68'),(520,'SV20210034','10.100.10.69'),(521,'SV20210035','10.100.10.70'),(522,'SV20210036','10.100.10.71'),(523,'SV20210037','10.100.10.72'),(524,'SV20210038','10.100.10.73'),(525,'SV20210039','10.100.10.74'),(526,'SV20210040','10.100.10.75'),(527,'SV20210041','10.100.10.76'),(528,'SV20210042','10.100.10.131'),(529,'SV20210043','10.100.10.132'),(530,'SV20210044','10.100.10.133'),(531,'SV20210045','10.100.10.134'),(532,'SV20210046','10.100.10.135'),(533,'SV20210047','10.100.10.136'),(534,'SV20210048','10.100.10.137'),(535,'SV20210049','10.100.10.138'),(536,'SV20210050','10.100.10.139'),(537,'SV20210051','10.100.10.140'),(538,'SV20210052','172.16.30.25'),(539,'SV20210053','10.100.50.152'),(540,'SV20210054','10.100.30.81'),(541,'SV20210055','10.100.50.41'),(542,'SV20210056','10.100.30.71'),(543,'SV20210057','10.100.30.72'),(544,'SV20210058','10.100.30.73'),(545,'SV20210059','10.100.30.101'),(546,'SV20210060','10.100.30.102'),(547,'SV20210061','10.100.40.81'),(548,'SV20210062','10.100.40.82'),(549,'SV20210063','10.100.40.71'),(550,'SV20210064','10.100.40.72'),(551,'SV20210065','10.100.30.91'),(552,'SV20210066','10.100.30.92'),(553,'SV20210067','10.100.30.93'),(554,'SV20210068','10.100.40.121'),(555,'SV20210069','172.16.30.124'),(556,'SV20210070','10.100.20.61'),(557,'SV20210071','10.100.20.62'),(558,'SV20210072','10.100.40.21'),(559,'SV20210073','10.100.40.41'),(560,'SV20210074','10.100.40.31'),(561,'SV20210075','10.100.40.51'),(562,'SV20210076','10.100.30.121'),(563,'SV20210077','10.100.30.122'),(564,'SV20210078','10.100.20.81'),(565,'SV20210079','10.100.20.82'),(566,'SV20210080','10.100.20.83'),(567,'SV20210081','10.100.20.84'),(568,'SV20210082','10.100.20.41'),(569,'SV20210083','10.100.20.51'),(570,'SV20210084','10.100.20.101'),(571,'SV20210085','10.100.20.102'),(572,'SV20210086','10.100.20.103'),(573,'SV20210087','10.100.20.111'),(574,'SV20210088','10.100.20.112'),(575,'SV20210089','10.100.20.113'),(576,'SV20210090','10.100.20.114'),(577,'SV20210091','10.100.40.91'),(578,'SV20210092','10.100.40.101'),(579,'SV20210093','172.16.30.21'),(580,'SV20210094','172.16.30.22'),(581,'SV20210095','172.16.30.23'),(582,'SV20210096','172.16.30.24'),(583,'SV20210097','10.100.30.61'),(584,'SV20210098','10.100.30.62'),(585,'SV20210099','10.100.40.131'),(586,'SV20210100','10.100.20.21'),(587,'SV20210101','10.10.50.161'),(588,'SC20210009','172.16.10.2'),(589,'SC20210010','172.16.10.3'),(590,'SC20210013','172.16.10.60'),(591,'SC20210014','172.16.10.61'),(592,'SC20210015','172.6.10.242'),(593,'SC20210016','172.6.10.243'),(594,'SC20210001','210.216.248.74'),(595,'SC20210002','210.216.248.74'),(596,'SC20210029','10.100.50.81'),(597,'SC20210033','10.100.70.208'),(598,'SC20210034','10.100.60.208'),(599,'SC20210031','10.100.50.111'),(600,'SC20210030','10.100.50.101'),(601,'SC20210032','10.100.50.117'),(602,'NW20210022','10.100.70.251'),(603,'NW20210023','10.100.80.251'),(604,'NW20210031','172.16.10.252'),(605,'NW20210032','172.16.10.253'),(606,'NW20210033','172.16.10.18'),(607,'NW20210034','172.16.10.19'),(608,'NW20210035','10.100.30.252'),(609,'NW20210036','10.100.30.253'),(610,'NW20210037','10.100.50.252'),(611,'NW20210038','10.100.50.253'),(612,'NW20210039','10.100.10.252'),(613,'NW20210040','10.100.10.253'),(614,'NW20210041','10.100.20.252'),(615,'NW20210042','10.100.20.253'),(616,'NW20210043','210.216.248.74'),(617,'NW20210044','210.216.248.75'),(618,'NW20210045','192.168.100.10'),(619,'NW20210046','192.168.100.11'),(620,'NW20210047','10.100.5.253'),(621,'NW20210048','10.100.5.252'),(622,'NW20210049','10.100.40.252'),(623,'NW20210050','10.100.40.253'),(624,'ST20210001','10.100.30.41'),(625,'ST20210002','10.100.20.21'),(626,'BK20210001','10.100.50.131'),(627,'ET21210001','10.100.50.121');
/*!40000 ALTER TABLE `equipment_regist_ip` ENABLE KEYS */;
UNLOCK TABLES;

--
-- Table structure for table `equipment_regist_sw`
--

DROP TABLE IF EXISTS `equipment_regist_sw`;
/*!40101 SET @saved_cs_client     = @@character_set_client */;
/*!40101 SET character_set_client = utf8 */;
CREATE TABLE `equipment_regist_sw` (
  `idx` int(11) NOT NULL AUTO_INCREMENT,
  `hw_manage_id` varchar(10) NOT NULL COMMENT 'HW 장비 관리번호',
  `sw_manage_id` varchar(10) NOT NULL COMMENT 'SW 장비 관리번호',
  PRIMARY KEY (`idx`),
  KEY `equipment_regist_sw_ibfk_1` (`hw_manage_id`),
  KEY `equipment_regist_sw_ibfk_2` (`sw_manage_id`),
  CONSTRAINT `equipment_regist_sw_ibfk_1` FOREIGN KEY (`hw_manage_id`) REFERENCES `equipment_basic` (`eqp_manage_id`),
  CONSTRAINT `equipment_regist_sw_ibfk_2` FOREIGN KEY (`sw_manage_id`) REFERENCES `equipment_sw_basic` (`eqp_manage_id`)
) ENGINE=InnoDB AUTO_INCREMENT=352 DEFAULT CHARSET=utf8 COMMENT='HW 장비에 등록된 SW장비 정보 ';
/*!40101 SET character_set_client = @saved_cs_client */;

--
-- Dumping data for table `equipment_regist_sw`
--

LOCK TABLES `equipment_regist_sw` WRITE;
/*!40000 ALTER TABLE `equipment_regist_sw` DISABLE KEYS */;
INSERT INTO `equipment_regist_sw` VALUES (269,'SV20210018','SW20210111'),(270,'SV20210019','SW20210112'),(271,'SV20210026','SW20210113'),(272,'SV20210027','SW20210114'),(273,'SV20210028','SW20210115'),(274,'SV20210029','SW20210116'),(275,'SV20210030','SW20210117'),(276,'SV20210031','SW20210118'),(277,'SV20210032','SW20210119'),(278,'SV20210033','SW20210120'),(279,'SV20210034','SW20210121'),(280,'SV20210035','SW20210122'),(281,'SV20210036','SW20210123'),(282,'SV20210037','SW20210124'),(283,'SV20210038','SW20210125'),(284,'SV20210039','SW20210126'),(285,'SV20210040','SW20210127'),(286,'SV20210041','SW20210128'),(287,'SV20210042','SW20210129'),(288,'SV20210043','SW20210130'),(289,'SV20210044','SW20210131'),(290,'SV20210045','SW20210132'),(291,'SV20210046','SW20210133'),(292,'SV20210047','SW20210134'),(293,'SV20210048','SW20210135'),(294,'SV20210049','SW20210136'),(295,'SV20210050','SW20210137'),(296,'SV20210051','SW20210138'),(297,'SV20210065','SW20210140'),(298,'SV20210066','SW20210141'),(299,'SV20210067','SW20210142'),(300,'SV20210058','SW20210143'),(301,'SV20210056','SW20210144'),(302,'SV20210057','SW20210145'),(303,'SV20210058','SW20210146'),(304,'SV20210018','SW20210148'),(305,'SV20210059','SW20210149'),(306,'SV20210060','SW20210150'),(307,'SV20210005','SW20210151'),(308,'SV20210006','SW20210152'),(309,'SV20210076','SW20210153'),(310,'SV20210077','SW20210154'),(311,'SV20210097','SW20210155'),(312,'SV20210098','SW20210156'),(313,'SV20210018','SW20210157'),(314,'SV20210018','SW20210158'),(315,'SV20210019','SW20210159'),(316,'SV20210026','SW20210160'),(317,'SV20210026','SW20210161'),(318,'SV20210027','SW20210162'),(319,'SV20210028','SW20210163'),(320,'SV20210029','SW20210164'),(321,'SV20210030','SW20210165'),(322,'SV20210031','SW20210166'),(323,'SV20210032','SW20210167'),(324,'SV20210033','SW20210168'),(325,'SV20210034','SW20210169'),(326,'SV20210035','SW20210170'),(327,'SV20210036','SW20210171'),(328,'SV20210037','SW20210172'),(329,'SV20210038','SW20210173'),(330,'SV20210039','SW20210174'),(331,'SV20210040','SW20210175'),(332,'SV20210041','SW20210176'),(333,'SV20210042','SW20210177'),(334,'SV20210043','SW20210178'),(335,'SV20210044','SW20210179'),(336,'SV20210045','SW20210180'),(337,'SV20210046','SW20210181'),(338,'SV20210047','SW20210182'),(339,'SV20210048','SW20210183'),(340,'SV20210049','SW20210184'),(341,'SV20210050','SW20210185'),(342,'SV20210051','SW20210186'),(343,'SV20210018','SW20210188'),(344,'SV20210012','SW20210290'),(345,'SV20210013','SW20210291'),(346,'SV20210018','SW20210453'),(347,'SV20210065','SW20210454'),(348,'SV20210066','SW20210455'),(349,'SV20210067','SW20210456'),(350,'SV20210074','SW20210460'),(351,'SV20210075','SW20210461');
/*!40000 ALTER TABLE `equipment_regist_sw` ENABLE KEYS */;
UNLOCK TABLES;

--
-- Table structure for table `equipment_sw_basic`
--

DROP TABLE IF EXISTS `equipment_sw_basic`;
/*!40101 SET @saved_cs_client     = @@character_set_client */;
/*!40101 SET character_set_client = utf8 */;
CREATE TABLE `equipment_sw_basic` (
  `eqp_manage_id` varchar(10) NOT NULL COMMENT '장비관리번호 (장비구분2 + 포설년도4 + 일련번호4)',
  `eqp_name` varchar(30) NOT NULL COMMENT '구성자원명',
  `host_name` varchar(30) DEFAULT NULL COMMENT '호스트명',
  `model_name` varchar(30) DEFAULT NULL COMMENT '모델명',
  `m_company` varchar(30) DEFAULT NULL COMMENT '제조사',
  `domestic` varchar(1) NOT NULL COMMENT '국산여부(Y:국산, N:외산)',
  `dependent_config` varchar(1) NOT NULL COMMENT '종속 SW 여부(1: 공개, 2: 상용)',
  `maintenance_contract_target` varchar(1) NOT NULL COMMENT '유지관리계약대상여부(Y, N)',
  `config_id` varchar(1) DEFAULT NULL COMMENT '구성분류',
  `asset_id` varchar(3) DEFAULT NULL COMMENT '자산분류',
  `sub_id` varchar(5) DEFAULT NULL COMMENT '자산세부분류',
  `detail_id` varchar(7) DEFAULT NULL COMMENT '자산상세분류',
  `network_operation_type` varchar(1) DEFAULT NULL COMMENT '네트워크 운영구분(I: 인터넷망, B: 업무망, O : 운영망)',
  `operating_status` varchar(1) NOT NULL COMMENT '운영상태(Y: 사용, N: 정지)',
  `operating_department` varchar(30) DEFAULT NULL COMMENT '운영부서',
  `primary_operator` varchar(20) DEFAULT NULL COMMENT '운영담당자(정)',
  `secondary_operator` varchar(20) DEFAULT NULL COMMENT '운영담당자(부)',
  `primary_outsourced_operator` varchar(20) DEFAULT NULL COMMENT '위탁운영사용자(정)',
  `secondary_outsourced_operator` varchar(20) DEFAULT NULL COMMENT '위탁운영사용자(부)',
  `created_at` datetime NOT NULL COMMENT '생성일',
  `updated_at` datetime DEFAULT NULL COMMENT '수정일',
  `creator` varchar(20) DEFAULT NULL COMMENT '등록자',
  `is_deleted` varchar(1) DEFAULT NULL COMMENT '삭제여부',
  PRIMARY KEY (`eqp_manage_id`)
) ENGINE=InnoDB DEFAULT CHARSET=utf8 COMMENT='SW 장비 기본정보';
/*!40101 SET character_set_client = @saved_cs_client */;

--
-- Dumping data for table `equipment_sw_basic`
--

LOCK TABLES `equipment_sw_basic` WRITE;
/*!40000 ALTER TABLE `equipment_sw_basic` DISABLE KEYS */;
INSERT INTO `equipment_sw_basic` VALUES ('SW20210001','N/A','N/A','Linux','Linux','2','1','1','2','201','20101','2010102',NULL,'1','자율주행 플랫폼 팀','SJTP','SJTP','김강현 대리','박준호 대리','2024-12-01 21:09:08',NULL,NULL,'N'),('SW20210002','N/A','N/A','Linux','Linux','2','1','1','2','201','20101','2010102',NULL,'1','자율주행 플랫폼 팀','SJTP','SJTP','김강현 대리','박준호 대리','2024-12-01 21:09:08',NULL,NULL,'N'),('SW20210003','N/A','N/A','Linux','Linux','2','1','1','2','201','20101','2010102',NULL,'1','자율주행 플랫폼 팀','SJTP','SJTP','김강현 대리','박준호 대리','2024-12-01 21:09:08',NULL,NULL,'N'),('SW20210004','N/A','N/A','Linux','Linux','2','1','1','2','201','20101','2010102',NULL,'1','자율주행 플랫폼 팀','SJTP','SJTP','김강현 대리','박준호 대리','2024-12-01 21:09:08',NULL,NULL,'N'),('SW20210005','N/A','N/A','Linux','Linux','2','1','1','2','201','20101','2010102',NULL,'1','자율주행 플랫폼 팀','SJTP','SJTP','김강현 대리','박준호 대리','2024-12-01 21:09:08',NULL,NULL,'N'),('SW20210006','N/A','N/A','Linux','Linux','2','1','1','2','201','20101','2010102',NULL,'1','자율주행 플랫폼 팀','SJTP','SJTP','김강현 대리','박준호 대리','2024-12-01 21:09:08',NULL,NULL,'N'),('SW20210007','N/A','N/A','Linux','Linux','2','1','1','2','201','20101','2010102',NULL,'1','자율주행 플랫폼 팀','SJTP','SJTP','김강현 대리','박준호 대리','2024-12-01 21:09:08',NULL,NULL,'N'),('SW20210008','N/A','N/A','Linux','Linux','2','1','1','2','201','20101','2010102',NULL,'1','자율주행 플랫폼 팀','SJTP','SJTP','김강현 대리','박준호 대리','2024-12-01 21:09:08',NULL,NULL,'N'),('SW20210009','N/A','N/A','Linux','Linux','2','1','1','2','201','20101','2010102',NULL,'1','자율주행 플랫폼 팀','SJTP','SJTP','김강현 대리','박준호 대리','2024-12-01 21:09:08',NULL,NULL,'N'),('SW20210010','N/A','N/A','Linux','Linux','2','1','1','2','201','20101','2010102',NULL,'1','자율주행 플랫폼 팀','SJTP','SJTP','김강현 대리','박준호 대리','2024-12-01 21:09:08',NULL,NULL,'N'),('SW20210011','N/A','N/A','Linux','Linux','2','1','1','2','201','20101','2010102',NULL,'1','자율주행 플랫폼 팀','SJTP','SJTP','김강현 대리','박준호 대리','2024-12-01 21:09:08',NULL,NULL,'N'),('SW20210012','N/A','N/A','Linux','Linux','2','1','1','2','201','20101','2010102',NULL,'1','자율주행 플랫폼 팀','SJTP','SJTP','김강현 대리','박준호 대리','2024-12-01 21:09:08',NULL,NULL,'N'),('SW20210013','N/A','N/A','Linux','Linux','2','1','1','2','201','20101','2010102',NULL,'1','자율주행 플랫폼 팀','SJTP','SJTP','김강현 대리','박준호 대리','2024-12-01 21:09:08',NULL,NULL,'N'),('SW20210014','N/A','N/A','Linux','Linux','2','1','1','2','201','20101','2010102',NULL,'1','자율주행 플랫폼 팀','SJTP','SJTP','김강현 대리','박준호 대리','2024-12-01 21:09:08',NULL,NULL,'N'),('SW20210015','N/A','N/A','Linux','Linux','2','1','1','2','201','20101','2010102',NULL,'1','자율주행 플랫폼 팀','SJTP','SJTP','김강현 대리','박준호 대리','2024-12-01 21:09:08',NULL,NULL,'N'),('SW20210016','N/A','N/A','Linux','Linux','2','1','1','2','201','20101','2010102',NULL,'1','자율주행 플랫폼 팀','SJTP','SJTP','김강현 대리','박준호 대리','2024-12-01 21:09:08',NULL,NULL,'N'),('SW20210017','N/A','N/A','Linux','Linux','2','1','1','2','201','20101','2010102',NULL,'1','자율주행 플랫폼 팀','SJTP','SJTP','김강현 대리','박준호 대리','2024-12-01 21:09:08',NULL,NULL,'N'),('SW20210018','N/A','N/A','Linux','Linux','2','1','1','2','201','20101','2010102',NULL,'1','자율주행 플랫폼 팀','SJTP','SJTP','김강현 대리','박준호 대리','2024-12-01 21:09:08',NULL,NULL,'N'),('SW20210019','N/A','N/A','Linux','Linux','2','1','1','2','201','20101','2010102',NULL,'1','자율주행 플랫폼 팀','SJTP','SJTP','김강현 대리','박준호 대리','2024-12-01 21:09:08',NULL,NULL,'N'),('SW20210020','N/A','N/A','Linux','Linux','2','1','1','2','201','20101','2010102',NULL,'1','자율주행 플랫폼 팀','SJTP','SJTP','김강현 대리','박준호 대리','2024-12-01 21:09:08',NULL,NULL,'N'),('SW20210021','N/A','N/A','Linux','Linux','2','1','1','2','201','20101','2010102',NULL,'1','자율주행 플랫폼 팀','SJTP','SJTP','김강현 대리','박준호 대리','2024-12-01 21:09:08',NULL,NULL,'N'),('SW20210022','N/A','N/A','Linux','Linux','2','1','1','2','201','20101','2010102',NULL,'1','자율주행 플랫폼 팀','SJTP','SJTP','김강현 대리','박준호 대리','2024-12-01 21:09:08',NULL,NULL,'N'),('SW20210023','N/A','N/A','Linux','Linux','2','1','1','2','201','20101','2010102',NULL,'1','자율주행 플랫폼 팀','SJTP','SJTP','김강현 대리','박준호 대리','2024-12-01 21:09:08',NULL,NULL,'N'),('SW20210024','N/A','N/A','Linux','Linux','2','1','1','2','201','20101','2010102',NULL,'1','자율주행 플랫폼 팀','SJTP','SJTP','김강현 대리','박준호 대리','2024-12-01 21:09:08',NULL,NULL,'N'),('SW20210025','N/A','N/A','Linux','Linux','2','1','1','2','201','20101','2010102',NULL,'1','자율주행 플랫폼 팀','SJTP','SJTP','김강현 대리','박준호 대리','2024-12-01 21:09:08',NULL,NULL,'N'),('SW20210026','N/A','N/A','Linux','Linux','2','1','1','2','201','20101','2010102',NULL,'1','자율주행 플랫폼 팀','SJTP','SJTP','김강현 대리','박준호 대리','2024-12-01 21:09:08',NULL,NULL,'N'),('SW20210027','N/A','N/A','Linux','Linux','2','1','1','2','201','20101','2010102',NULL,'1','자율주행 플랫폼 팀','SJTP','SJTP','김강현 대리','박준호 대리','2024-12-01 21:09:08',NULL,NULL,'N'),('SW20210028','N/A','N/A','Linux','Linux','2','1','1','2','201','20101','2010102',NULL,'1','자율주행 플랫폼 팀','SJTP','SJTP','김강현 대리','박준호 대리','2024-12-01 21:09:08',NULL,NULL,'N'),('SW20210029','N/A','N/A','Linux','Linux','2','1','1','2','201','20101','2010102',NULL,'1','자율주행 플랫폼 팀','SJTP','SJTP','김강현 대리','박준호 대리','2024-12-01 21:09:08',NULL,NULL,'N'),('SW20210030','N/A','N/A','Linux','Linux','2','1','1','2','201','20101','2010102',NULL,'1','자율주행 플랫폼 팀','SJTP','SJTP','김강현 대리','박준호 대리','2024-12-01 21:09:08',NULL,NULL,'N'),('SW20210031','N/A','N/A','Linux','Linux','2','1','1','2','201','20101','2010102',NULL,'1','자율주행 플랫폼 팀','SJTP','SJTP','김강현 대리','박준호 대리','2024-12-01 21:09:08',NULL,NULL,'N'),('SW20210032','N/A','N/A','Linux','Linux','2','1','1','2','201','20101','2010102',NULL,'1','자율주행 플랫폼 팀','SJTP','SJTP','김강현 대리','박준호 대리','2024-12-01 21:09:08',NULL,NULL,'N'),('SW20210033','N/A','N/A','Linux','Linux','2','1','1','2','201','20101','2010102',NULL,'1','자율주행 플랫폼 팀','SJTP','SJTP','김강현 대리','박준호 대리','2024-12-01 21:09:08',NULL,NULL,'N'),('SW20210034','N/A','N/A','Linux','Linux','2','1','1','2','201','20101','2010102',NULL,'1','자율주행 플랫폼 팀','SJTP','SJTP','김강현 대리','박준호 대리','2024-12-01 21:09:08',NULL,NULL,'N'),('SW20210035','N/A','N/A','Linux','Linux','2','1','1','2','201','20101','2010102',NULL,'1','자율주행 플랫폼 팀','SJTP','SJTP','김강현 대리','박준호 대리','2024-12-01 21:09:08',NULL,NULL,'N'),('SW20210036','N/A','N/A','Linux','Linux','2','1','1','2','201','20101','2010102',NULL,'1','자율주행 플랫폼 팀','SJTP','SJTP','김강현 대리','박준호 대리','2024-12-01 21:09:08',NULL,NULL,'N'),('SW20210037','N/A','N/A','Linux','Linux','2','1','1','2','201','20101','2010102',NULL,'1','자율주행 플랫폼 팀','SJTP','SJTP','김강현 대리','박준호 대리','2024-12-01 21:09:08',NULL,NULL,'N'),('SW20210038','N/A','N/A','Linux','Linux','2','1','1','2','201','20101','2010102',NULL,'1','자율주행 플랫폼 팀','SJTP','SJTP','김강현 대리','박준호 대리','2024-12-01 21:09:08',NULL,NULL,'N'),('SW20210039','N/A','N/A','Linux','Linux','2','1','1','2','201','20101','2010102',NULL,'1','자율주행 플랫폼 팀','SJTP','SJTP','김강현 대리','박준호 대리','2024-12-01 21:09:08',NULL,NULL,'N'),('SW20210040','N/A','N/A','Linux','Linux','2','1','1','2','201','20101','2010102',NULL,'1','자율주행 플랫폼 팀','SJTP','SJTP','김강현 대리','박준호 대리','2024-12-01 21:09:08',NULL,NULL,'N'),('SW20210041','N/A','N/A','Linux','Linux','2','1','1','2','201','20101','2010102',NULL,'1','자율주행 플랫폼 팀','SJTP','SJTP','김강현 대리','박준호 대리','2024-12-01 21:09:08',NULL,NULL,'N'),('SW20210042','N/A','N/A','Linux','Linux','2','1','1','2','201','20101','2010102',NULL,'1','자율주행 플랫폼 팀','SJTP','SJTP','김강현 대리','박준호 대리','2024-12-01 21:09:08',NULL,NULL,'N'),('SW20210043','N/A','N/A','Linux','Linux','2','1','1','2','201','20101','2010102',NULL,'1','자율주행 플랫폼 팀','SJTP','SJTP','김강현 대리','박준호 대리','2024-12-01 21:09:08',NULL,NULL,'N'),('SW20210044','N/A','N/A','Linux','Linux','2','1','1','2','201','20101','2010102',NULL,'1','자율주행 플랫폼 팀','SJTP','SJTP','김강현 대리','박준호 대리','2024-12-01 21:09:08',NULL,NULL,'N'),('SW20210045','N/A','N/A','Linux','Linux','2','1','1','2','201','20101','2010102',NULL,'1','자율주행 플랫폼 팀','SJTP','SJTP','김강현 대리','박준호 대리','2024-12-01 21:09:08',NULL,NULL,'N'),('SW20210046','N/A','N/A','Linux','Linux','2','1','1','2','201','20101','2010102',NULL,'1','자율주행 플랫폼 팀','SJTP','SJTP','김강현 대리','박준호 대리','2024-12-01 21:09:08',NULL,NULL,'N'),('SW20210047','N/A','N/A','Linux','Linux','2','1','1','2','201','20101','2010102',NULL,'1','자율주행 플랫폼 팀','SJTP','SJTP','김강현 대리','박준호 대리','2024-12-01 21:09:08',NULL,NULL,'N'),('SW20210048','N/A','N/A','Linux','Linux','2','1','1','2','201','20101','2010102',NULL,'1','자율주행 플랫폼 팀','SJTP','SJTP','김강현 대리','박준호 대리','2024-12-01 21:09:08',NULL,NULL,'N'),('SW20210049','N/A','N/A','Linux','Linux','2','1','1','2','201','20101','2010102',NULL,'1','자율주행 플랫폼 팀','SJTP','SJTP','김강현 대리','박준호 대리','2024-12-01 21:09:08',NULL,NULL,'N'),('SW20210050','N/A','N/A','Linux','Linux','2','1','1','2','201','20101','2010102',NULL,'1','자율주행 플랫폼 팀','SJTP','SJTP','김강현 대리','박준호 대리','2024-12-01 21:09:08',NULL,NULL,'N'),('SW20210051','N/A','N/A','Linux','Linux','2','1','1','2','201','20101','2010102',NULL,'1','자율주행 플랫폼 팀','SJTP','SJTP','김강현 대리','박준호 대리','2024-12-01 21:09:08',NULL,NULL,'N'),('SW20210052','N/A','N/A','Linux','Linux','2','1','1','2','201','20101','2010102',NULL,'1','자율주행 플랫폼 팀','SJTP','SJTP','김강현 대리','박준호 대리','2024-12-01 21:09:08',NULL,NULL,'N'),('SW20210053','N/A','N/A','Linux','Linux','2','1','1','2','201','20101','2010102',NULL,'1','자율주행 플랫폼 팀','SJTP','SJTP','김강현 대리','박준호 대리','2024-12-01 21:09:08',NULL,NULL,'N'),('SW20210054','N/A','N/A','Linux','Linux','2','1','1','2','201','20101','2010102',NULL,'1','자율주행 플랫폼 팀','SJTP','SJTP','김강현 대리','박준호 대리','2024-12-01 21:09:08',NULL,NULL,'N'),('SW20210055','N/A','N/A','Linux','Linux','2','1','1','2','201','20101','2010102',NULL,'1','자율주행 플랫폼 팀','SJTP','SJTP','김강현 대리','박준호 대리','2024-12-01 21:09:08',NULL,NULL,'N'),('SW20210056','N/A','N/A','Linux','Linux','2','1','1','2','201','20101','2010102',NULL,'1','자율주행 플랫폼 팀','SJTP','SJTP','김강현 대리','박준호 대리','2024-12-01 21:09:08',NULL,NULL,'N'),('SW20210057','N/A','N/A','Linux','Linux','2','1','1','2','201','20101','2010102',NULL,'1','자율주행 플랫폼 팀','SJTP','SJTP','김강현 대리','박준호 대리','2024-12-01 21:09:08',NULL,NULL,'N'),('SW20210058','N/A','N/A','Linux','Linux','2','1','1','2','201','20101','2010102',NULL,'1','자율주행 플랫폼 팀','SJTP','SJTP','김강현 대리','박준호 대리','2024-12-01 21:09:08',NULL,NULL,'N'),('SW20210059','N/A','N/A','Linux','Linux','2','1','1','2','201','20101','2010102',NULL,'1','자율주행 플랫폼 팀','SJTP','SJTP','김강현 대리','박준호 대리','2024-12-01 21:09:08',NULL,NULL,'N'),('SW20210060','N/A','N/A','Linux','Linux','2','1','1','2','201','20101','2010102',NULL,'1','자율주행 플랫폼 팀','SJTP','SJTP','김강현 대리','박준호 대리','2024-12-01 21:09:08',NULL,NULL,'N'),('SW20210061','N/A','N/A','Linux','Linux','2','1','1','2','201','20101','2010102',NULL,'1','자율주행 플랫폼 팀','SJTP','SJTP','김강현 대리','박준호 대리','2024-12-01 21:09:08',NULL,NULL,'N'),('SW20210062','N/A','N/A','Linux','Linux','2','1','1','2','201','20101','2010102',NULL,'1','자율주행 플랫폼 팀','SJTP','SJTP','김강현 대리','박준호 대리','2024-12-01 21:09:08',NULL,NULL,'N'),('SW20210063','N/A','N/A','Linux','Linux','2','1','1','2','201','20101','2010102',NULL,'1','자율주행 플랫폼 팀','SJTP','SJTP','김강현 대리','박준호 대리','2024-12-01 21:09:08',NULL,NULL,'N'),('SW20210064','N/A','N/A','Linux','Linux','2','1','1','2','201','20101','2010102',NULL,'1','자율주행 플랫폼 팀','SJTP','SJTP','김강현 대리','박준호 대리','2024-12-01 21:09:08',NULL,NULL,'N'),('SW20210065','N/A','N/A','Linux','Linux','2','1','1','2','201','20101','2010102',NULL,'1','자율주행 플랫폼 팀','SJTP','SJTP','김강현 대리','박준호 대리','2024-12-01 21:09:08',NULL,NULL,'N'),('SW20210066','N/A','N/A','Linux','Linux','2','1','1','2','201','20101','2010102',NULL,'1','자율주행 플랫폼 팀','SJTP','SJTP','김강현 대리','박준호 대리','2024-12-01 21:09:08',NULL,NULL,'N'),('SW20210067','N/A','N/A','Linux','Linux','2','1','1','2','201','20101','2010102',NULL,'1','자율주행 플랫폼 팀','SJTP','SJTP','김강현 대리','박준호 대리','2024-12-01 21:09:08',NULL,NULL,'N'),('SW20210068','N/A','N/A','Linux','Linux','2','1','1','2','201','20101','2010102',NULL,'1','자율주행 플랫폼 팀','SJTP','SJTP','김강현 대리','박준호 대리','2024-12-01 21:09:08',NULL,NULL,'N'),('SW20210069','N/A','N/A','Linux','Linux','2','1','1','2','201','20101','2010102',NULL,'1','자율주행 플랫폼 팀','SJTP','SJTP','김강현 대리','박준호 대리','2024-12-01 21:09:08',NULL,NULL,'N'),('SW20210070','N/A','N/A','Linux','Linux','2','1','1','2','201','20101','2010102',NULL,'1','자율주행 플랫폼 팀','SJTP','SJTP','김강현 대리','박준호 대리','2024-12-01 21:09:08',NULL,NULL,'N'),('SW20210071','N/A','N/A','Linux','Linux','2','1','1','2','201','20101','2010102',NULL,'1','자율주행 플랫폼 팀','SJTP','SJTP','김강현 대리','박준호 대리','2024-12-01 21:09:08',NULL,NULL,'N'),('SW20210072','N/A','N/A','Linux','Linux','2','1','1','2','201','20101','2010102',NULL,'1','자율주행 플랫폼 팀','SJTP','SJTP','김강현 대리','박준호 대리','2024-12-01 21:09:08',NULL,NULL,'N'),('SW20210073','N/A','N/A','Linux','Linux','2','1','1','2','201','20101','2010102',NULL,'1','자율주행 플랫폼 팀','SJTP','SJTP','김강현 대리','박준호 대리','2024-12-01 21:09:08',NULL,NULL,'N'),('SW20210074','N/A','N/A','Linux','Linux','2','1','1','2','201','20101','2010102',NULL,'1','자율주행 플랫폼 팀','SJTP','SJTP','김강현 대리','박준호 대리','2024-12-01 21:09:08',NULL,NULL,'N'),('SW20210075','N/A','N/A','Linux','Linux','2','1','1','2','201','20101','2010102',NULL,'1','자율주행 플랫폼 팀','SJTP','SJTP','김강현 대리','박준호 대리','2024-12-01 21:09:08',NULL,NULL,'N'),('SW20210076','N/A','N/A','Linux','Linux','2','1','1','2','201','20101','2010102',NULL,'1','자율주행 플랫폼 팀','SJTP','SJTP','김강현 대리','박준호 대리','2024-12-01 21:09:08',NULL,NULL,'N'),('SW20210077','N/A','N/A','Linux','Linux','2','1','1','2','201','20101','2010102',NULL,'1','자율주행 플랫폼 팀','SJTP','SJTP','김강현 대리','박준호 대리','2024-12-01 21:09:08',NULL,NULL,'N'),('SW20210078','N/A','N/A','Linux','Linux','2','1','1','2','201','20101','2010102',NULL,'1','자율주행 플랫폼 팀','SJTP','SJTP','김강현 대리','박준호 대리','2024-12-01 21:09:08',NULL,NULL,'N'),('SW20210079','N/A','N/A','Linux','Linux','2','1','1','2','201','20101','2010102',NULL,'1','자율주행 플랫폼 팀','SJTP','SJTP','김강현 대리','박준호 대리','2024-12-01 21:09:08',NULL,NULL,'N'),('SW20210080','N/A','N/A','Linux','Linux','2','1','1','2','201','20101','2010102',NULL,'1','자율주행 플랫폼 팀','SJTP','SJTP','김강현 대리','박준호 대리','2024-12-01 21:09:08',NULL,NULL,'N'),('SW20210081','N/A','N/A','Linux','Linux','2','1','1','2','201','20101','2010102',NULL,'1','자율주행 플랫폼 팀','SJTP','SJTP','김강현 대리','박준호 대리','2024-12-01 21:09:08',NULL,NULL,'N'),('SW20210082','N/A','N/A','Linux','Linux','2','1','1','2','201','20101','2010102',NULL,'1','자율주행 플랫폼 팀','SJTP','SJTP','김강현 대리','박준호 대리','2024-12-01 21:09:08',NULL,NULL,'N'),('SW20210083','N/A','N/A','Linux','Linux','2','1','1','2','201','20101','2010102',NULL,'1','자율주행 플랫폼 팀','SJTP','SJTP','김강현 대리','박준호 대리','2024-12-01 21:09:08',NULL,NULL,'N'),('SW20210084','N/A','N/A','Linux','Linux','2','1','1','2','201','20101','2010102',NULL,'1','자율주행 플랫폼 팀','SJTP','SJTP','김강현 대리','박준호 대리','2024-12-01 21:09:08',NULL,NULL,'N'),('SW20210085','N/A','N/A','Linux','Linux','2','1','1','2','201','20101','2010102',NULL,'1','자율주행 플랫폼 팀','SJTP','SJTP','김강현 대리','박준호 대리','2024-12-01 21:09:08',NULL,NULL,'N'),('SW20210086','N/A','N/A','Linux','Linux','2','1','1','2','201','20101','2010102',NULL,'1','자율주행 플랫폼 팀','SJTP','SJTP','김강현 대리','박준호 대리','2024-12-01 21:09:08',NULL,NULL,'N'),('SW20210087','N/A','N/A','Linux','Linux','2','1','1','2','201','20101','2010102',NULL,'1','자율주행 플랫폼 팀','SJTP','SJTP','김강현 대리','박준호 대리','2024-12-01 21:09:08',NULL,NULL,'N'),('SW20210088','N/A','N/A','Linux','Linux','2','1','1','2','201','20101','2010102',NULL,'1','자율주행 플랫폼 팀','SJTP','SJTP','김강현 대리','박준호 대리','2024-12-01 21:09:08',NULL,NULL,'N'),('SW20210089','N/A','N/A','Linux','Linux','2','1','1','2','201','20101','2010102',NULL,'1','자율주행 플랫폼 팀','SJTP','SJTP','김강현 대리','박준호 대리','2024-12-01 21:09:08',NULL,NULL,'N'),('SW20210090','N/A','N/A','Linux','Linux','2','1','1','2','201','20101','2010102',NULL,'1','자율주행 플랫폼 팀','SJTP','SJTP','김강현 대리','박준호 대리','2024-12-01 21:09:08',NULL,NULL,'N'),('SW20210091','N/A','N/A','Linux','Linux','2','1','1','2','201','20101','2010102',NULL,'1','자율주행 플랫폼 팀','SJTP','SJTP','김강현 대리','박준호 대리','2024-12-01 21:09:08',NULL,NULL,'N'),('SW20210092','N/A','N/A','Linux','Linux','2','1','1','2','201','20101','2010102',NULL,'1','자율주행 플랫폼 팀','SJTP','SJTP','김강현 대리','박준호 대리','2024-12-01 21:09:08',NULL,NULL,'N'),('SW20210093','N/A','N/A','Linux','Linux','2','1','1','2','201','20101','2010102',NULL,'1','자율주행 플랫폼 팀','SJTP','SJTP','김강현 대리','박준호 대리','2024-12-01 21:09:08',NULL,NULL,'N'),('SW20210094','N/A','N/A','Linux','Linux','2','1','1','2','201','20101','2010102',NULL,'1','자율주행 플랫폼 팀','SJTP','SJTP','김강현 대리','박준호 대리','2024-12-01 21:09:08',NULL,NULL,'N'),('SW20210095','N/A','N/A','Linux','Linux','2','1','1','2','201','20101','2010102',NULL,'1','자율주행 플랫폼 팀','SJTP','SJTP','김강현 대리','박준호 대리','2024-12-01 21:09:08',NULL,NULL,'N'),('SW20210096','N/A','N/A','Linux','Linux','2','1','1','2','201','20101','2010102',NULL,'1','자율주행 플랫폼 팀','SJTP','SJTP','김강현 대리','박준호 대리','2024-12-01 21:09:08',NULL,NULL,'N'),('SW20210097','N/A','N/A','Linux','Linux','2','1','1','2','201','20101','2010102',NULL,'1','자율주행 플랫폼 팀','SJTP','SJTP','김강현 대리','박준호 대리','2024-12-01 21:09:08',NULL,NULL,'N'),('SW20210098','N/A','N/A','Linux','Linux','2','1','1','2','201','20101','2010102',NULL,'1','자율주행 플랫폼 팀','SJTP','SJTP','김강현 대리','박준호 대리','2024-12-01 21:09:08',NULL,NULL,'N'),('SW20210099','N/A','N/A','Linux','Linux','2','1','1','2','201','20101','2010102',NULL,'1','자율주행 플랫폼 팀','SJTP','SJTP','김강현 대리','박준호 대리','2024-12-01 21:09:08',NULL,NULL,'N'),('SW20210100','N/A','N/A','Windows','Microsoft','2','1','1','2','201','20101','2010103',NULL,'1','자율주행 플랫폼 팀','SJTP','SJTP','김강현 대리','박준호 대리','2024-12-01 21:09:08',NULL,NULL,'N'),('SW20210101','N/A','N/A','Windows','Microsoft','2','1','1','2','201','20101','2010103',NULL,'1','자율주행 플랫폼 팀','SJTP','SJTP','김강현 대리','박준호 대리','2024-12-01 21:09:08',NULL,NULL,'N'),('SW20210102','N/A','N/A','Windows','Microsoft','2','1','1','2','201','20101','2010103',NULL,'1','자율주행 플랫폼 팀','SJTP','SJTP','김강현 대리','박준호 대리','2024-12-01 21:09:08',NULL,NULL,'N'),('SW20210103','N/A','N/A','Windows','Microsoft','2','1','1','2','201','20101','2010103',NULL,'1','자율주행 플랫폼 팀','SJTP','SJTP','김강현 대리','박준호 대리','2024-12-01 21:09:08',NULL,NULL,'N'),('SW20210104','N/A','N/A','Windows','Microsoft','2','1','1','2','201','20101','2010103',NULL,'1','자율주행 플랫폼 팀','SJTP','SJTP','김강현 대리','박준호 대리','2024-12-01 21:09:08',NULL,NULL,'N'),('SW20210105','N/A','N/A','Windows','Microsoft','2','1','1','2','201','20101','2010103',NULL,'1','자율주행 플랫폼 팀','SJTP','SJTP','김강현 대리','박준호 대리','2024-12-01 21:09:08',NULL,NULL,'N'),('SW20210106','N/A','N/A','Windows','Microsoft','2','1','1','2','201','20101','2010103',NULL,'1','자율주행 플랫폼 팀','SJTP','SJTP','김강현 대리','박준호 대리','2024-12-01 21:09:08',NULL,NULL,'N'),('SW20210107','N/A','N/A','Windows','Microsoft','2','1','1','2','201','20101','2010103',NULL,'1','자율주행 플랫폼 팀','SJTP','SJTP','김강현 대리','박준호 대리','2024-12-01 21:09:08',NULL,NULL,'N'),('SW20210108','N/A','N/A','Windows','Microsoft','2','1','1','2','201','20101','2010103',NULL,'1','자율주행 플랫폼 팀','SJTP','SJTP','김강현 대리','박준호 대리','2024-12-01 21:09:08',NULL,NULL,'N'),('SW20210109','N/A','N/A','Windows','Microsoft','2','1','1','2','201','20101','2010103',NULL,'1','자율주행 플랫폼 팀','SJTP','SJTP','김강현 대리','박준호 대리','2024-12-01 21:09:08',NULL,NULL,'N'),('SW20210110','N/A','N/A','CentOSCS(HA)','N/A','1','1','1','2','201','20102','',NULL,'1','자율주행 플랫폼 팀','SJTP','SJTP','김강현 대리','박준호 대리','2024-12-01 21:09:08',NULL,NULL,'N'),('SW20210111','N/A','N/A','Apache','Microsoft','2','2','1','2','202','20201','',NULL,'1','자율주행 플랫폼 팀','SJTP','SJTP','김강현 대리','박준호 대리','2024-12-01 21:09:08',NULL,NULL,'N'),('SW20210112','N/A','N/A','Apache','Microsoft','2','2','1','2','202','20201','',NULL,'1','자율주행 플랫폼 팀','SJTP','SJTP','김강현 대리','박준호 대리','2024-12-01 21:09:08',NULL,NULL,'N'),('SW20210113','N/A','N/A','Apache','Microsoft','2','2','1','2','202','20201','',NULL,'1','자율주행 플랫폼 팀','SJTP','SJTP','김강현 대리','박준호 대리','2024-12-01 21:09:08',NULL,NULL,'N'),('SW20210114','N/A','N/A','Apache','Microsoft','2','2','1','2','202','20201','',NULL,'1','자율주행 플랫폼 팀','SJTP','SJTP','김강현 대리','박준호 대리','2024-12-01 21:09:08',NULL,NULL,'N'),('SW20210115','N/A','N/A','Apache','Microsoft','2','2','1','2','202','20201','',NULL,'1','자율주행 플랫폼 팀','SJTP','SJTP','김강현 대리','박준호 대리','2024-12-01 21:09:08',NULL,NULL,'N'),('SW20210116','N/A','N/A','Apache','Microsoft','2','2','1','2','202','20201','',NULL,'1','자율주행 플랫폼 팀','SJTP','SJTP','김강현 대리','박준호 대리','2024-12-01 21:09:08',NULL,NULL,'N'),('SW20210117','N/A','N/A','Apache','Microsoft','2','2','1','2','202','20201','',NULL,'1','자율주행 플랫폼 팀','SJTP','SJTP','김강현 대리','박준호 대리','2024-12-01 21:09:08',NULL,NULL,'N'),('SW20210118','N/A','N/A','Apache','Microsoft','2','2','1','2','202','20201','',NULL,'1','자율주행 플랫폼 팀','SJTP','SJTP','김강현 대리','박준호 대리','2024-12-01 21:09:08',NULL,NULL,'N'),('SW20210119','N/A','N/A','Apache','Microsoft','2','2','1','2','202','20201','',NULL,'1','자율주행 플랫폼 팀','SJTP','SJTP','김강현 대리','박준호 대리','2024-12-01 21:09:08',NULL,NULL,'N'),('SW20210120','N/A','N/A','Apache','Microsoft','2','2','1','2','202','20201','',NULL,'1','자율주행 플랫폼 팀','SJTP','SJTP','김강현 대리','박준호 대리','2024-12-01 21:09:08',NULL,NULL,'N'),('SW20210121','N/A','N/A','Apache','Microsoft','2','2','1','2','202','20201','',NULL,'1','자율주행 플랫폼 팀','SJTP','SJTP','김강현 대리','박준호 대리','2024-12-01 21:09:08',NULL,NULL,'N'),('SW20210122','N/A','N/A','Apache','Microsoft','2','2','1','2','202','20201','',NULL,'1','자율주행 플랫폼 팀','SJTP','SJTP','김강현 대리','박준호 대리','2024-12-01 21:09:08',NULL,NULL,'N'),('SW20210123','N/A','N/A','Apache','Microsoft','2','2','1','2','202','20201','',NULL,'1','자율주행 플랫폼 팀','SJTP','SJTP','김강현 대리','박준호 대리','2024-12-01 21:09:08',NULL,NULL,'N'),('SW20210124','N/A','N/A','Apache','Microsoft','2','2','1','2','202','20201','',NULL,'1','자율주행 플랫폼 팀','SJTP','SJTP','김강현 대리','박준호 대리','2024-12-01 21:09:08',NULL,NULL,'N'),('SW20210125','N/A','N/A','Apache','Microsoft','2','2','1','2','202','20201','',NULL,'1','자율주행 플랫폼 팀','SJTP','SJTP','김강현 대리','박준호 대리','2024-12-01 21:09:08',NULL,NULL,'N'),('SW20210126','N/A','N/A','Apache','Microsoft','2','2','1','2','202','20201','',NULL,'1','자율주행 플랫폼 팀','SJTP','SJTP','김강현 대리','박준호 대리','2024-12-01 21:09:08',NULL,NULL,'N'),('SW20210127','N/A','N/A','Apache','Microsoft','2','2','1','2','202','20201','',NULL,'1','자율주행 플랫폼 팀','SJTP','SJTP','김강현 대리','박준호 대리','2024-12-01 21:09:08',NULL,NULL,'N'),('SW20210128','N/A','N/A','Apache','Microsoft','2','2','1','2','202','20201','',NULL,'1','자율주행 플랫폼 팀','SJTP','SJTP','김강현 대리','박준호 대리','2024-12-01 21:09:08',NULL,NULL,'N'),('SW20210129','N/A','N/A','Apache','Microsoft','2','2','1','2','202','20201','',NULL,'1','자율주행 플랫폼 팀','SJTP','SJTP','김강현 대리','박준호 대리','2024-12-01 21:09:08',NULL,NULL,'N'),('SW20210130','N/A','N/A','Apache','Microsoft','2','2','1','2','202','20201','',NULL,'1','자율주행 플랫폼 팀','SJTP','SJTP','김강현 대리','박준호 대리','2024-12-01 21:09:08',NULL,NULL,'N'),('SW20210131','N/A','N/A','Apache','Microsoft','2','2','1','2','202','20201','',NULL,'1','자율주행 플랫폼 팀','SJTP','SJTP','김강현 대리','박준호 대리','2024-12-01 21:09:08',NULL,NULL,'N'),('SW20210132','N/A','N/A','Apache','Microsoft','2','2','1','2','202','20201','',NULL,'1','자율주행 플랫폼 팀','SJTP','SJTP','김강현 대리','박준호 대리','2024-12-01 21:09:08',NULL,NULL,'N'),('SW20210133','N/A','N/A','Apache','Microsoft','2','2','1','2','202','20201','',NULL,'1','자율주행 플랫폼 팀','SJTP','SJTP','김강현 대리','박준호 대리','2024-12-01 21:09:08',NULL,NULL,'N'),('SW20210134','N/A','N/A','Apache','Microsoft','2','2','1','2','202','20201','',NULL,'1','자율주행 플랫폼 팀','SJTP','SJTP','김강현 대리','박준호 대리','2024-12-01 21:09:08',NULL,NULL,'N'),('SW20210135','N/A','N/A','Apache','Microsoft','2','2','1','2','202','20201','',NULL,'1','자율주행 플랫폼 팀','SJTP','SJTP','김강현 대리','박준호 대리','2024-12-01 21:09:08',NULL,NULL,'N'),('SW20210136','N/A','N/A','Apache','Microsoft','2','2','1','2','202','20201','',NULL,'1','자율주행 플랫폼 팀','SJTP','SJTP','김강현 대리','박준호 대리','2024-12-01 21:09:08',NULL,NULL,'N'),('SW20210137','N/A','N/A','Apache','Microsoft','2','2','1','2','202','20201','',NULL,'1','자율주행 플랫폼 팀','SJTP','SJTP','김강현 대리','박준호 대리','2024-12-01 21:09:08',NULL,NULL,'N'),('SW20210138','N/A','N/A','Apache','Microsoft','2','2','1','2','202','20201','',NULL,'1','자율주행 플랫폼 팀','SJTP','SJTP','김강현 대리','박준호 대리','2024-12-01 21:09:08',NULL,NULL,'N'),('SW20210139','N/A','N/A','WildFly','N/A','1','1','1','2','202','20202','',NULL,'1','자율주행 플랫폼 팀','SJTP','SJTP','김강현 대리','박준호 대리','2024-12-01 21:09:08',NULL,NULL,'N'),('SW20210140','N/A','N/A','kafka','Microsoft','2','1','1','2','202','20203','',NULL,'1','자율주행 플랫폼 팀','SJTP','SJTP','김강현 대리','박준호 대리','2024-12-01 21:09:08',NULL,NULL,'N'),('SW20210141','N/A','N/A','kafka','Microsoft','2','1','1','2','202','20203','',NULL,'1','자율주행 플랫폼 팀','SJTP','SJTP','김강현 대리','박준호 대리','2024-12-01 21:09:08',NULL,NULL,'N'),('SW20210142','N/A','N/A','kafka','Microsoft','2','1','1','2','202','20203','',NULL,'1','자율주행 플랫폼 팀','SJTP','SJTP','김강현 대리','박준호 대리','2024-12-01 21:09:08',NULL,NULL,'N'),('SW20210143','N/A','N/A','kafka Module','Microsoft','2','1','1','2','202','20203','',NULL,'1','자율주행 플랫폼 팀','SJTP','SJTP','김강현 대리','박준호 대리','2024-12-01 21:09:08',NULL,NULL,'N'),('SW20210144','N/A','N/A','Nifi','Microsoft','2','1','1','2','202','20204','',NULL,'1','자율주행 플랫폼 팀','SJTP','SJTP','김강현 대리','박준호 대리','2024-12-01 21:09:08',NULL,NULL,'N'),('SW20210145','N/A','N/A','Nifi','Microsoft','2','1','1','2','202','20204','',NULL,'1','자율주행 플랫폼 팀','SJTP','SJTP','김강현 대리','박준호 대리','2024-12-01 21:09:08',NULL,NULL,'N'),('SW20210146','N/A','N/A','Nifi','Microsoft','2','1','1','2','202','20204','',NULL,'1','자율주행 플랫폼 팀','SJTP','SJTP','김강현 대리','박준호 대리','2024-12-01 21:09:08',NULL,NULL,'N'),('SW20210147','N/A','N/A','INNORIX','이노릭스','1','1','1','2','202','20204','',NULL,'1','자율주행 플랫폼 팀','SJTP','SJTP','김강현 대리','박준호 대리','2024-12-01 21:09:08',NULL,NULL,'N'),('SW20210148','N/A','N/A','MySQL','Oracle','2','2','1','2','203','20301','',NULL,'1','자율주행 플랫폼 팀','SJTP','SJTP','김강현 대리','박준호 대리','2024-12-01 21:09:08',NULL,NULL,'N'),('SW20210149','N/A','N/A','MySQL','Oracle','2','2','1','2','203','20301','',NULL,'1','자율주행 플랫폼 팀','SJTP','SJTP','김강현 대리','박준호 대리','2024-12-01 21:09:08',NULL,NULL,'N'),('SW20210150','N/A','N/A','MySQL','Oracle','2','2','1','2','203','20301','',NULL,'1','자율주행 플랫폼 팀','SJTP','SJTP','김강현 대리','박준호 대리','2024-12-01 21:09:08',NULL,NULL,'N'),('SW20210151','N/A','N/A','MySQL','Oracle','2','2','1','2','203','20301','',NULL,'1','자율주행 플랫폼 팀','SJTP','SJTP','김강현 대리','박준호 대리','2024-12-01 21:09:08',NULL,NULL,'N'),('SW20210152','N/A','N/A','MySQL','Oracle','2','2','1','2','203','20301','',NULL,'1','자율주행 플랫폼 팀','SJTP','SJTP','김강현 대리','박준호 대리','2024-12-01 21:09:08',NULL,NULL,'N'),('SW20210153','N/A','N/A','MySQL','Oracle','2','2','1','2','203','20301','',NULL,'1','자율주행 플랫폼 팀','SJTP','SJTP','김강현 대리','박준호 대리','2024-12-01 21:09:08',NULL,NULL,'N'),('SW20210154','N/A','N/A','MySQL','Oracle','2','2','1','2','203','20301','',NULL,'1','자율주행 플랫폼 팀','SJTP','SJTP','김강현 대리','박준호 대리','2024-12-01 21:09:08',NULL,NULL,'N'),('SW20210155','N/A','N/A','MySQL','Oracle','2','2','1','2','203','20301','',NULL,'1','자율주행 플랫폼 팀','SJTP','SJTP','김강현 대리','박준호 대리','2024-12-01 21:09:08',NULL,NULL,'N'),('SW20210156','N/A','N/A','MySQL','Oracle','2','2','1','2','203','20301','',NULL,'1','자율주행 플랫폼 팀','SJTP','SJTP','김강현 대리','박준호 대리','2024-12-01 21:09:08',NULL,NULL,'N'),('SW20210157','N/A','N/A','Ambari mariaDB','Microsoft','2','1','1','2','203','20301','',NULL,'1','자율주행 플랫폼 팀','SJTP','SJTP','김강현 대리','박준호 대리','2024-12-01 21:09:08',NULL,NULL,'N'),('SW20210158','N/A','N/A','kudu master','Microsoft','2','1','1','2','203','20301','',NULL,'1','자율주행 플랫폼 팀','SJTP','SJTP','김강현 대리','박준호 대리','2024-12-01 21:09:08',NULL,NULL,'N'),('SW20210159','N/A','N/A','kudu master','Microsoft','2','1','1','2','203','20301','',NULL,'1','자율주행 플랫폼 팀','SJTP','SJTP','김강현 대리','박준호 대리','2024-12-01 21:09:08',NULL,NULL,'N'),('SW20210160','N/A','N/A','kudu master','Microsoft','2','1','1','2','203','20301','',NULL,'1','자율주행 플랫폼 팀','SJTP','SJTP','김강현 대리','박준호 대리','2024-12-01 21:09:08',NULL,NULL,'N'),('SW20210161','N/A','N/A','kudu tserver','Microsoft','2','1','1','2','203','20301','',NULL,'1','자율주행 플랫폼 팀','SJTP','SJTP','김강현 대리','박준호 대리','2024-12-01 21:09:08',NULL,NULL,'N'),('SW20210162','N/A','N/A','kudu tserver','Microsoft','2','1','1','2','203','20301','',NULL,'1','자율주행 플랫폼 팀','SJTP','SJTP','김강현 대리','박준호 대리','2024-12-01 21:09:08',NULL,NULL,'N'),('SW20210163','N/A','N/A','kudu tserver','Microsoft','2','1','1','2','203','20301','',NULL,'1','자율주행 플랫폼 팀','SJTP','SJTP','김강현 대리','박준호 대리','2024-12-01 21:09:08',NULL,NULL,'N'),('SW20210164','N/A','N/A','kudu tserver','Microsoft','2','1','1','2','203','20301','',NULL,'1','자율주행 플랫폼 팀','SJTP','SJTP','김강현 대리','박준호 대리','2024-12-01 21:09:08',NULL,NULL,'N'),('SW20210165','N/A','N/A','kudu tserver','Microsoft','2','1','1','2','203','20301','',NULL,'1','자율주행 플랫폼 팀','SJTP','SJTP','김강현 대리','박준호 대리','2024-12-01 21:09:08',NULL,NULL,'N'),('SW20210166','N/A','N/A','kudu tserver','Microsoft','2','1','1','2','203','20301','',NULL,'1','자율주행 플랫폼 팀','SJTP','SJTP','김강현 대리','박준호 대리','2024-12-01 21:09:08',NULL,NULL,'N'),('SW20210167','N/A','N/A','kudu tserver','Microsoft','2','1','1','2','203','20301','',NULL,'1','자율주행 플랫폼 팀','SJTP','SJTP','김강현 대리','박준호 대리','2024-12-01 21:09:08',NULL,NULL,'N'),('SW20210168','N/A','N/A','kudu tserver','Microsoft','2','1','1','2','203','20301','',NULL,'1','자율주행 플랫폼 팀','SJTP','SJTP','김강현 대리','박준호 대리','2024-12-01 21:09:08',NULL,NULL,'N'),('SW20210169','N/A','N/A','kudu tserver','Microsoft','2','1','1','2','203','20301','',NULL,'1','자율주행 플랫폼 팀','SJTP','SJTP','김강현 대리','박준호 대리','2024-12-01 21:09:08',NULL,NULL,'N'),('SW20210170','N/A','N/A','kudu tserver','Microsoft','2','1','1','2','203','20301','',NULL,'1','자율주행 플랫폼 팀','SJTP','SJTP','김강현 대리','박준호 대리','2024-12-01 21:09:08',NULL,NULL,'N'),('SW20210171','N/A','N/A','kudu tserver','Microsoft','2','1','1','2','203','20301','',NULL,'1','자율주행 플랫폼 팀','SJTP','SJTP','김강현 대리','박준호 대리','2024-12-01 21:09:08',NULL,NULL,'N'),('SW20210172','N/A','N/A','kudu tserver','Microsoft','2','1','1','2','203','20301','',NULL,'1','자율주행 플랫폼 팀','SJTP','SJTP','김강현 대리','박준호 대리','2024-12-01 21:09:08',NULL,NULL,'N'),('SW20210173','N/A','N/A','kudu tserver','Microsoft','2','1','1','2','203','20301','',NULL,'1','자율주행 플랫폼 팀','SJTP','SJTP','김강현 대리','박준호 대리','2024-12-01 21:09:08',NULL,NULL,'N'),('SW20210174','N/A','N/A','kudu tserver','Microsoft','2','1','1','2','203','20301','',NULL,'1','자율주행 플랫폼 팀','SJTP','SJTP','김강현 대리','박준호 대리','2024-12-01 21:09:08',NULL,NULL,'N'),('SW20210175','N/A','N/A','kudu tserver','Microsoft','2','1','1','2','203','20301','',NULL,'1','자율주행 플랫폼 팀','SJTP','SJTP','김강현 대리','박준호 대리','2024-12-01 21:09:08',NULL,NULL,'N'),('SW20210176','N/A','N/A','kudu tserver','Microsoft','2','1','1','2','203','20301','',NULL,'1','자율주행 플랫폼 팀','SJTP','SJTP','김강현 대리','박준호 대리','2024-12-01 21:09:08',NULL,NULL,'N'),('SW20210177','N/A','N/A','kudu tserver','Microsoft','2','1','1','2','203','20301','',NULL,'1','자율주행 플랫폼 팀','SJTP','SJTP','김강현 대리','박준호 대리','2024-12-01 21:09:08',NULL,NULL,'N'),('SW20210178','N/A','N/A','kudu tserver','Microsoft','2','1','1','2','203','20301','',NULL,'1','자율주행 플랫폼 팀','SJTP','SJTP','김강현 대리','박준호 대리','2024-12-01 21:09:08',NULL,NULL,'N'),('SW20210179','N/A','N/A','kudu tserver','Microsoft','2','1','1','2','203','20301','',NULL,'1','자율주행 플랫폼 팀','SJTP','SJTP','김강현 대리','박준호 대리','2024-12-01 21:09:08',NULL,NULL,'N'),('SW20210180','N/A','N/A','kudu tserver','Microsoft','2','1','1','2','203','20301','',NULL,'1','자율주행 플랫폼 팀','SJTP','SJTP','김강현 대리','박준호 대리','2024-12-01 21:09:08',NULL,NULL,'N'),('SW20210181','N/A','N/A','kudu tserver','Microsoft','2','1','1','2','203','20301','',NULL,'1','자율주행 플랫폼 팀','SJTP','SJTP','김강현 대리','박준호 대리','2024-12-01 21:09:08',NULL,NULL,'N'),('SW20210182','N/A','N/A','kudu tserver','Microsoft','2','1','1','2','203','20301','',NULL,'1','자율주행 플랫폼 팀','SJTP','SJTP','김강현 대리','박준호 대리','2024-12-01 21:09:08',NULL,NULL,'N'),('SW20210183','N/A','N/A','kudu tserver','Microsoft','2','1','1','2','203','20301','',NULL,'1','자율주행 플랫폼 팀','SJTP','SJTP','김강현 대리','박준호 대리','2024-12-01 21:09:08',NULL,NULL,'N'),('SW20210184','N/A','N/A','kudu tserver','Microsoft','2','1','1','2','203','20301','',NULL,'1','자율주행 플랫폼 팀','SJTP','SJTP','김강현 대리','박준호 대리','2024-12-01 21:09:08',NULL,NULL,'N'),('SW20210185','N/A','N/A','kudu tserver','Microsoft','2','1','1','2','203','20301','',NULL,'1','자율주행 플랫폼 팀','SJTP','SJTP','김강현 대리','박준호 대리','2024-12-01 21:09:08',NULL,NULL,'N'),('SW20210186','N/A','N/A','kudu tserver','Microsoft','2','1','1','2','203','20301','',NULL,'1','자율주행 플랫폼 팀','SJTP','SJTP','김강현 대리','박준호 대리','2024-12-01 21:09:08',NULL,NULL,'N'),('SW20210187','N/A','N/A','Masic DBPlus','드림시큐리티','1','2','1','2','203','20301','',NULL,'1','자율주행 플랫폼 팀','SJTP','SJTP','김강현 대리','박준호 대리','2024-12-01 21:09:08',NULL,NULL,'N'),('SW20210188','N/A','N/A','Ambari server','Microsoft','2','1','1','2','203','20302','',NULL,'1','자율주행 플랫폼 팀','SJTP','SJTP','김강현 대리','박준호 대리','2024-12-01 21:09:08',NULL,NULL,'N'),('SW20210189','N/A','N/A','Appliance 9048','Arcserve','2','2','1','2','204','20401','',NULL,'1','자율주행 플랫폼 팀','SJTP','SJTP','김강현 대리','박준호 대리','2024-12-01 21:09:08',NULL,NULL,'N'),('SW20210190','N/A','N/A','Magic Line','드림시큐리티','1','2','1','2','204','20401','',NULL,'1','자율주행 플랫폼 팀','SJTP','SJTP','김강현 대리','박준호 대리','2024-12-01 21:09:08',NULL,NULL,'N'),('SW20210191','N/A','N/A','SecuveTOS','시큐브','1','2','1','2','205','20502','',NULL,'1','자율주행 플랫폼 팀','SJTP','SJTP','김강현 대리','박준호 대리','2024-12-01 21:09:08',NULL,NULL,'N'),('SW20210192','N/A','N/A','SecuveTOS','시큐브','1','2','1','2','205','20502','',NULL,'1','자율주행 플랫폼 팀','SJTP','SJTP','김강현 대리','박준호 대리','2024-12-01 21:09:08',NULL,NULL,'N'),('SW20210193','N/A','N/A','SecuveTOS','시큐브','1','2','1','2','205','20502','',NULL,'1','자율주행 플랫폼 팀','SJTP','SJTP','김강현 대리','박준호 대리','2024-12-01 21:09:08',NULL,NULL,'N'),('SW20210194','N/A','N/A','SecuveTOS','시큐브','1','2','1','2','205','20502','',NULL,'1','자율주행 플랫폼 팀','SJTP','SJTP','김강현 대리','박준호 대리','2024-12-01 21:09:08',NULL,NULL,'N'),('SW20210195','N/A','N/A','SecuveTOS','시큐브','1','2','1','2','205','20502','',NULL,'1','자율주행 플랫폼 팀','SJTP','SJTP','김강현 대리','박준호 대리','2024-12-01 21:09:08',NULL,NULL,'N'),('SW20210196','N/A','N/A','SecuveTOS','시큐브','1','2','1','2','205','20502','',NULL,'1','자율주행 플랫폼 팀','SJTP','SJTP','김강현 대리','박준호 대리','2024-12-01 21:09:08',NULL,NULL,'N'),('SW20210197','N/A','N/A','SecuveTOS','시큐브','1','2','1','2','205','20502','',NULL,'1','자율주행 플랫폼 팀','SJTP','SJTP','김강현 대리','박준호 대리','2024-12-01 21:09:08',NULL,NULL,'N'),('SW20210198','N/A','N/A','SecuveTOS','시큐브','1','2','1','2','205','20502','',NULL,'1','자율주행 플랫폼 팀','SJTP','SJTP','김강현 대리','박준호 대리','2024-12-01 21:09:08',NULL,NULL,'N'),('SW20210199','N/A','N/A','SecuveTOS','시큐브','1','2','1','2','205','20502','',NULL,'1','자율주행 플랫폼 팀','SJTP','SJTP','김강현 대리','박준호 대리','2024-12-01 21:09:08',NULL,NULL,'N'),('SW20210200','N/A','N/A','SecuveTOS','시큐브','1','2','1','2','205','20502','',NULL,'1','자율주행 플랫폼 팀','SJTP','SJTP','김강현 대리','박준호 대리','2024-12-01 21:09:08',NULL,NULL,'N'),('SW20210201','N/A','N/A','SecuveTOS','시큐브','1','2','1','2','205','20502','',NULL,'1','자율주행 플랫폼 팀','SJTP','SJTP','김강현 대리','박준호 대리','2024-12-01 21:09:08',NULL,NULL,'N'),('SW20210202','N/A','N/A','SecuveTOS','시큐브','1','2','1','2','205','20502','',NULL,'1','자율주행 플랫폼 팀','SJTP','SJTP','김강현 대리','박준호 대리','2024-12-01 21:09:08',NULL,NULL,'N'),('SW20210203','N/A','N/A','SecuveTOS','시큐브','1','2','1','2','205','20502','',NULL,'1','자율주행 플랫폼 팀','SJTP','SJTP','김강현 대리','박준호 대리','2024-12-01 21:09:08',NULL,NULL,'N'),('SW20210204','N/A','N/A','SecuveTOS','시큐브','1','2','1','2','205','20502','',NULL,'1','자율주행 플랫폼 팀','SJTP','SJTP','김강현 대리','박준호 대리','2024-12-01 21:09:08',NULL,NULL,'N'),('SW20210205','N/A','N/A','SecuveTOS','시큐브','1','2','1','2','205','20502','',NULL,'1','자율주행 플랫폼 팀','SJTP','SJTP','김강현 대리','박준호 대리','2024-12-01 21:09:08',NULL,NULL,'N'),('SW20210206','N/A','N/A','SecuveTOS','시큐브','1','2','1','2','205','20502','',NULL,'1','자율주행 플랫폼 팀','SJTP','SJTP','김강현 대리','박준호 대리','2024-12-01 21:09:08',NULL,NULL,'N'),('SW20210207','N/A','N/A','SecuveTOS','시큐브','1','2','1','2','205','20502','',NULL,'1','자율주행 플랫폼 팀','SJTP','SJTP','김강현 대리','박준호 대리','2024-12-01 21:09:08',NULL,NULL,'N'),('SW20210208','N/A','N/A','SecuveTOS','시큐브','1','2','1','2','205','20502','',NULL,'1','자율주행 플랫폼 팀','SJTP','SJTP','김강현 대리','박준호 대리','2024-12-01 21:09:08',NULL,NULL,'N'),('SW20210209','N/A','N/A','SecuveTOS','시큐브','1','2','1','2','205','20502','',NULL,'1','자율주행 플랫폼 팀','SJTP','SJTP','김강현 대리','박준호 대리','2024-12-01 21:09:08',NULL,NULL,'N'),('SW20210210','N/A','N/A','SecuveTOS','시큐브','1','2','1','2','205','20502','',NULL,'1','자율주행 플랫폼 팀','SJTP','SJTP','김강현 대리','박준호 대리','2024-12-01 21:09:08',NULL,NULL,'N'),('SW20210211','N/A','N/A','SecuveTOS','시큐브','1','2','1','2','205','20502','',NULL,'1','자율주행 플랫폼 팀','SJTP','SJTP','김강현 대리','박준호 대리','2024-12-01 21:09:08',NULL,NULL,'N'),('SW20210212','N/A','N/A','SecuveTOS','시큐브','1','2','1','2','205','20502','',NULL,'1','자율주행 플랫폼 팀','SJTP','SJTP','김강현 대리','박준호 대리','2024-12-01 21:09:08',NULL,NULL,'N'),('SW20210213','N/A','N/A','SecuveTOS','시큐브','1','2','1','2','205','20502','',NULL,'1','자율주행 플랫폼 팀','SJTP','SJTP','김강현 대리','박준호 대리','2024-12-01 21:09:08',NULL,NULL,'N'),('SW20210214','N/A','N/A','SecuveTOS','시큐브','1','2','1','2','205','20502','',NULL,'1','자율주행 플랫폼 팀','SJTP','SJTP','김강현 대리','박준호 대리','2024-12-01 21:09:08',NULL,NULL,'N'),('SW20210215','N/A','N/A','SecuveTOS','시큐브','1','2','1','2','205','20502','',NULL,'1','자율주행 플랫폼 팀','SJTP','SJTP','김강현 대리','박준호 대리','2024-12-01 21:09:08',NULL,NULL,'N'),('SW20210216','N/A','N/A','SecuveTOS','시큐브','1','2','1','2','205','20502','',NULL,'1','자율주행 플랫폼 팀','SJTP','SJTP','김강현 대리','박준호 대리','2024-12-01 21:09:08',NULL,NULL,'N'),('SW20210217','N/A','N/A','SecuveTOS','시큐브','1','2','1','2','205','20502','',NULL,'1','자율주행 플랫폼 팀','SJTP','SJTP','김강현 대리','박준호 대리','2024-12-01 21:09:08',NULL,NULL,'N'),('SW20210218','N/A','N/A','SecuveTOS','시큐브','1','2','1','2','205','20502','',NULL,'1','자율주행 플랫폼 팀','SJTP','SJTP','김강현 대리','박준호 대리','2024-12-01 21:09:08',NULL,NULL,'N'),('SW20210219','N/A','N/A','SecuveTOS','시큐브','1','2','1','2','205','20502','',NULL,'1','자율주행 플랫폼 팀','SJTP','SJTP','김강현 대리','박준호 대리','2024-12-01 21:09:08',NULL,NULL,'N'),('SW20210220','N/A','N/A','SecuveTOS','시큐브','1','2','1','2','205','20502','',NULL,'1','자율주행 플랫폼 팀','SJTP','SJTP','김강현 대리','박준호 대리','2024-12-01 21:09:08',NULL,NULL,'N'),('SW20210221','N/A','N/A','SecuveTOS','시큐브','1','2','1','2','205','20502','',NULL,'1','자율주행 플랫폼 팀','SJTP','SJTP','김강현 대리','박준호 대리','2024-12-01 21:09:08',NULL,NULL,'N'),('SW20210222','N/A','N/A','SecuveTOS','시큐브','1','2','1','2','205','20502','',NULL,'1','자율주행 플랫폼 팀','SJTP','SJTP','김강현 대리','박준호 대리','2024-12-01 21:09:08',NULL,NULL,'N'),('SW20210223','N/A','N/A','SecuveTOS','시큐브','1','2','1','2','205','20502','',NULL,'1','자율주행 플랫폼 팀','SJTP','SJTP','김강현 대리','박준호 대리','2024-12-01 21:09:08',NULL,NULL,'N'),('SW20210224','N/A','N/A','SecuveTOS','시큐브','1','2','1','2','205','20502','',NULL,'1','자율주행 플랫폼 팀','SJTP','SJTP','김강현 대리','박준호 대리','2024-12-01 21:09:08',NULL,NULL,'N'),('SW20210225','N/A','N/A','SecuveTOS','시큐브','1','2','1','2','205','20502','',NULL,'1','자율주행 플랫폼 팀','SJTP','SJTP','김강현 대리','박준호 대리','2024-12-01 21:09:08',NULL,NULL,'N'),('SW20210226','N/A','N/A','SecuveTOS','시큐브','1','2','1','2','205','20502','',NULL,'1','자율주행 플랫폼 팀','SJTP','SJTP','김강현 대리','박준호 대리','2024-12-01 21:09:08',NULL,NULL,'N'),('SW20210227','N/A','N/A','SecuveTOS','시큐브','1','2','1','2','205','20502','',NULL,'1','자율주행 플랫폼 팀','SJTP','SJTP','김강현 대리','박준호 대리','2024-12-01 21:09:08',NULL,NULL,'N'),('SW20210228','N/A','N/A','SecuveTOS','시큐브','1','2','1','2','205','20502','',NULL,'1','자율주행 플랫폼 팀','SJTP','SJTP','김강현 대리','박준호 대리','2024-12-01 21:09:08',NULL,NULL,'N'),('SW20210229','N/A','N/A','SecuveTOS','시큐브','1','2','1','2','205','20502','',NULL,'1','자율주행 플랫폼 팀','SJTP','SJTP','김강현 대리','박준호 대리','2024-12-01 21:09:08',NULL,NULL,'N'),('SW20210230','N/A','N/A','SecuveTOS','시큐브','1','2','1','2','205','20502','',NULL,'1','자율주행 플랫폼 팀','SJTP','SJTP','김강현 대리','박준호 대리','2024-12-01 21:09:08',NULL,NULL,'N'),('SW20210231','N/A','N/A','SecuveTOS','시큐브','1','2','1','2','205','20502','',NULL,'1','자율주행 플랫폼 팀','SJTP','SJTP','김강현 대리','박준호 대리','2024-12-01 21:09:08',NULL,NULL,'N'),('SW20210232','N/A','N/A','SecuveTOS','시큐브','1','2','1','2','205','20502','',NULL,'1','자율주행 플랫폼 팀','SJTP','SJTP','김강현 대리','박준호 대리','2024-12-01 21:09:08',NULL,NULL,'N'),('SW20210233','N/A','N/A','SecuveTOS','시큐브','1','2','1','2','205','20502','',NULL,'1','자율주행 플랫폼 팀','SJTP','SJTP','김강현 대리','박준호 대리','2024-12-01 21:09:08',NULL,NULL,'N'),('SW20210234','N/A','N/A','SecuveTOS','시큐브','1','2','1','2','205','20502','',NULL,'1','자율주행 플랫폼 팀','SJTP','SJTP','김강현 대리','박준호 대리','2024-12-01 21:09:08',NULL,NULL,'N'),('SW20210235','N/A','N/A','SecuveTOS','시큐브','1','2','1','2','205','20502','',NULL,'1','자율주행 플랫폼 팀','SJTP','SJTP','김강현 대리','박준호 대리','2024-12-01 21:09:08',NULL,NULL,'N'),('SW20210236','N/A','N/A','SecuveTOS','시큐브','1','2','1','2','205','20502','',NULL,'1','자율주행 플랫폼 팀','SJTP','SJTP','김강현 대리','박준호 대리','2024-12-01 21:09:08',NULL,NULL,'N'),('SW20210237','N/A','N/A','SecuveTOS','시큐브','1','2','1','2','205','20502','',NULL,'1','자율주행 플랫폼 팀','SJTP','SJTP','김강현 대리','박준호 대리','2024-12-01 21:09:08',NULL,NULL,'N'),('SW20210238','N/A','N/A','SecuveTOS','시큐브','1','2','1','2','205','20502','',NULL,'1','자율주행 플랫폼 팀','SJTP','SJTP','김강현 대리','박준호 대리','2024-12-01 21:09:08',NULL,NULL,'N'),('SW20210239','N/A','N/A','SecuveTOS','시큐브','1','2','1','2','205','20502','',NULL,'1','자율주행 플랫폼 팀','SJTP','SJTP','김강현 대리','박준호 대리','2024-12-01 21:09:08',NULL,NULL,'N'),('SW20210240','N/A','N/A','SecuveTOS','시큐브','1','2','1','2','205','20502','',NULL,'1','자율주행 플랫폼 팀','SJTP','SJTP','김강현 대리','박준호 대리','2024-12-01 21:09:08',NULL,NULL,'N'),('SW20210241','N/A','N/A','SecuveTOS','시큐브','1','2','1','2','205','20502','',NULL,'1','자율주행 플랫폼 팀','SJTP','SJTP','김강현 대리','박준호 대리','2024-12-01 21:09:08',NULL,NULL,'N'),('SW20210242','N/A','N/A','SecuveTOS','시큐브','1','2','1','2','205','20502','',NULL,'1','자율주행 플랫폼 팀','SJTP','SJTP','김강현 대리','박준호 대리','2024-12-01 21:09:08',NULL,NULL,'N'),('SW20210243','N/A','N/A','SecuveTOS','시큐브','1','2','1','2','205','20502','',NULL,'1','자율주행 플랫폼 팀','SJTP','SJTP','김강현 대리','박준호 대리','2024-12-01 21:09:08',NULL,NULL,'N'),('SW20210244','N/A','N/A','SecuveTOS','시큐브','1','2','1','2','205','20502','',NULL,'1','자율주행 플랫폼 팀','SJTP','SJTP','김강현 대리','박준호 대리','2024-12-01 21:09:08',NULL,NULL,'N'),('SW20210245','N/A','N/A','SecuveTOS','시큐브','1','2','1','2','205','20502','',NULL,'1','자율주행 플랫폼 팀','SJTP','SJTP','김강현 대리','박준호 대리','2024-12-01 21:09:08',NULL,NULL,'N'),('SW20210246','N/A','N/A','SecuveTOS','시큐브','1','2','1','2','205','20502','',NULL,'1','자율주행 플랫폼 팀','SJTP','SJTP','김강현 대리','박준호 대리','2024-12-01 21:09:08',NULL,NULL,'N'),('SW20210247','N/A','N/A','SecuveTOS','시큐브','1','2','1','2','205','20502','',NULL,'1','자율주행 플랫폼 팀','SJTP','SJTP','김강현 대리','박준호 대리','2024-12-01 21:09:08',NULL,NULL,'N'),('SW20210248','N/A','N/A','SecuveTOS','시큐브','1','2','1','2','205','20502','',NULL,'1','자율주행 플랫폼 팀','SJTP','SJTP','김강현 대리','박준호 대리','2024-12-01 21:09:08',NULL,NULL,'N'),('SW20210249','N/A','N/A','SecuveTOS','시큐브','1','2','1','2','205','20502','',NULL,'1','자율주행 플랫폼 팀','SJTP','SJTP','김강현 대리','박준호 대리','2024-12-01 21:09:08',NULL,NULL,'N'),('SW20210250','N/A','N/A','SecuveTOS','시큐브','1','2','1','2','205','20502','',NULL,'1','자율주행 플랫폼 팀','SJTP','SJTP','김강현 대리','박준호 대리','2024-12-01 21:09:08',NULL,NULL,'N'),('SW20210251','N/A','N/A','SecuveTOS','시큐브','1','2','1','2','205','20502','',NULL,'1','자율주행 플랫폼 팀','SJTP','SJTP','김강현 대리','박준호 대리','2024-12-01 21:09:08',NULL,NULL,'N'),('SW20210252','N/A','N/A','SecuveTOS','시큐브','1','2','1','2','205','20502','',NULL,'1','자율주행 플랫폼 팀','SJTP','SJTP','김강현 대리','박준호 대리','2024-12-01 21:09:08',NULL,NULL,'N'),('SW20210253','N/A','N/A','SecuveTOS','시큐브','1','2','1','2','205','20502','',NULL,'1','자율주행 플랫폼 팀','SJTP','SJTP','김강현 대리','박준호 대리','2024-12-01 21:09:08',NULL,NULL,'N'),('SW20210254','N/A','N/A','SecuveTOS','시큐브','1','2','1','2','205','20502','',NULL,'1','자율주행 플랫폼 팀','SJTP','SJTP','김강현 대리','박준호 대리','2024-12-01 21:09:08',NULL,NULL,'N'),('SW20210255','N/A','N/A','SecuveTOS','시큐브','1','2','1','2','205','20502','',NULL,'1','자율주행 플랫폼 팀','SJTP','SJTP','김강현 대리','박준호 대리','2024-12-01 21:09:08',NULL,NULL,'N'),('SW20210256','N/A','N/A','SecuveTOS','시큐브','1','2','1','2','205','20502','',NULL,'1','자율주행 플랫폼 팀','SJTP','SJTP','김강현 대리','박준호 대리','2024-12-01 21:09:08',NULL,NULL,'N'),('SW20210257','N/A','N/A','SecuveTOS','시큐브','1','2','1','2','205','20502','',NULL,'1','자율주행 플랫폼 팀','SJTP','SJTP','김강현 대리','박준호 대리','2024-12-01 21:09:08',NULL,NULL,'N'),('SW20210258','N/A','N/A','SecuveTOS','시큐브','1','2','1','2','205','20502','',NULL,'1','자율주행 플랫폼 팀','SJTP','SJTP','김강현 대리','박준호 대리','2024-12-01 21:09:08',NULL,NULL,'N'),('SW20210259','N/A','N/A','SecuveTOS','시큐브','1','2','1','2','205','20502','',NULL,'1','자율주행 플랫폼 팀','SJTP','SJTP','김강현 대리','박준호 대리','2024-12-01 21:09:08',NULL,NULL,'N'),('SW20210260','N/A','N/A','SecuveTOS','시큐브','1','2','1','2','205','20502','',NULL,'1','자율주행 플랫폼 팀','SJTP','SJTP','김강현 대리','박준호 대리','2024-12-01 21:09:08',NULL,NULL,'N'),('SW20210261','N/A','N/A','SecuveTOS','시큐브','1','2','1','2','205','20502','',NULL,'1','자율주행 플랫폼 팀','SJTP','SJTP','김강현 대리','박준호 대리','2024-12-01 21:09:08',NULL,NULL,'N'),('SW20210262','N/A','N/A','SecuveTOS','시큐브','1','2','1','2','205','20502','',NULL,'1','자율주행 플랫폼 팀','SJTP','SJTP','김강현 대리','박준호 대리','2024-12-01 21:09:08',NULL,NULL,'N'),('SW20210263','N/A','N/A','SecuveTOS','시큐브','1','2','1','2','205','20502','',NULL,'1','자율주행 플랫폼 팀','SJTP','SJTP','김강현 대리','박준호 대리','2024-12-01 21:09:08',NULL,NULL,'N'),('SW20210264','N/A','N/A','SecuveTOS','시큐브','1','2','1','2','205','20502','',NULL,'1','자율주행 플랫폼 팀','SJTP','SJTP','김강현 대리','박준호 대리','2024-12-01 21:09:08',NULL,NULL,'N'),('SW20210265','N/A','N/A','SecuveTOS','시큐브','1','2','1','2','205','20502','',NULL,'1','자율주행 플랫폼 팀','SJTP','SJTP','김강현 대리','박준호 대리','2024-12-01 21:09:08',NULL,NULL,'N'),('SW20210266','N/A','N/A','SecuveTOS','시큐브','1','2','1','2','205','20502','',NULL,'1','자율주행 플랫폼 팀','SJTP','SJTP','김강현 대리','박준호 대리','2024-12-01 21:09:08',NULL,NULL,'N'),('SW20210267','N/A','N/A','SecuveTOS','시큐브','1','2','1','2','205','20502','',NULL,'1','자율주행 플랫폼 팀','SJTP','SJTP','김강현 대리','박준호 대리','2024-12-01 21:09:08',NULL,NULL,'N'),('SW20210268','N/A','N/A','SecuveTOS','시큐브','1','2','1','2','205','20502','',NULL,'1','자율주행 플랫폼 팀','SJTP','SJTP','김강현 대리','박준호 대리','2024-12-01 21:09:08',NULL,NULL,'N'),('SW20210269','N/A','N/A','SecuveTOS','시큐브','1','2','1','2','205','20502','',NULL,'1','자율주행 플랫폼 팀','SJTP','SJTP','김강현 대리','박준호 대리','2024-12-01 21:09:08',NULL,NULL,'N'),('SW20210270','N/A','N/A','SecuveTOS','시큐브','1','2','1','2','205','20502','',NULL,'1','자율주행 플랫폼 팀','SJTP','SJTP','김강현 대리','박준호 대리','2024-12-01 21:09:08',NULL,NULL,'N'),('SW20210271','N/A','N/A','SecuveTOS','시큐브','1','2','1','2','205','20502','',NULL,'1','자율주행 플랫폼 팀','SJTP','SJTP','김강현 대리','박준호 대리','2024-12-01 21:09:08',NULL,NULL,'N'),('SW20210272','N/A','N/A','SecuveTOS','시큐브','1','2','1','2','205','20502','',NULL,'1','자율주행 플랫폼 팀','SJTP','SJTP','김강현 대리','박준호 대리','2024-12-01 21:09:08',NULL,NULL,'N'),('SW20210273','N/A','N/A','SecuveTOS','시큐브','1','2','1','2','205','20502','',NULL,'1','자율주행 플랫폼 팀','SJTP','SJTP','김강현 대리','박준호 대리','2024-12-01 21:09:08',NULL,NULL,'N'),('SW20210274','N/A','N/A','SecuveTOS','시큐브','1','2','1','2','205','20502','',NULL,'1','자율주행 플랫폼 팀','SJTP','SJTP','김강현 대리','박준호 대리','2024-12-01 21:09:08',NULL,NULL,'N'),('SW20210275','N/A','N/A','SecuveTOS','시큐브','1','2','1','2','205','20502','',NULL,'1','자율주행 플랫폼 팀','SJTP','SJTP','김강현 대리','박준호 대리','2024-12-01 21:09:08',NULL,NULL,'N'),('SW20210276','N/A','N/A','SecuveTOS','시큐브','1','2','1','2','205','20502','',NULL,'1','자율주행 플랫폼 팀','SJTP','SJTP','김강현 대리','박준호 대리','2024-12-01 21:09:08',NULL,NULL,'N'),('SW20210277','N/A','N/A','SecuveTOS','시큐브','1','2','1','2','205','20502','',NULL,'1','자율주행 플랫폼 팀','SJTP','SJTP','김강현 대리','박준호 대리','2024-12-01 21:09:08',NULL,NULL,'N'),('SW20210278','N/A','N/A','SecuveTOS','시큐브','1','2','1','2','205','20502','',NULL,'1','자율주행 플랫폼 팀','SJTP','SJTP','김강현 대리','박준호 대리','2024-12-01 21:09:08',NULL,NULL,'N'),('SW20210279','N/A','N/A','SecuveTOS','시큐브','1','2','1','2','205','20502','',NULL,'1','자율주행 플랫폼 팀','SJTP','SJTP','김강현 대리','박준호 대리','2024-12-01 21:09:08',NULL,NULL,'N'),('SW20210280','N/A','N/A','SecuveTOS','시큐브','1','2','1','2','205','20502','',NULL,'1','자율주행 플랫폼 팀','SJTP','SJTP','김강현 대리','박준호 대리','2024-12-01 21:09:08',NULL,NULL,'N'),('SW20210281','N/A','N/A','SecuveTOS','시큐브','1','2','1','2','205','20502','',NULL,'1','자율주행 플랫폼 팀','SJTP','SJTP','김강현 대리','박준호 대리','2024-12-01 21:09:08',NULL,NULL,'N'),('SW20210282','N/A','N/A','SecuveTOS','시큐브','1','2','1','2','205','20502','',NULL,'1','자율주행 플랫폼 팀','SJTP','SJTP','김강현 대리','박준호 대리','2024-12-01 21:09:08',NULL,NULL,'N'),('SW20210283','N/A','N/A','SecuveTOS','시큐브','1','2','1','2','205','20502','',NULL,'1','자율주행 플랫폼 팀','SJTP','SJTP','김강현 대리','박준호 대리','2024-12-01 21:09:08',NULL,NULL,'N'),('SW20210284','N/A','N/A','SecuveTOS','시큐브','1','2','1','2','205','20502','',NULL,'1','자율주행 플랫폼 팀','SJTP','SJTP','김강현 대리','박준호 대리','2024-12-01 21:09:08',NULL,NULL,'N'),('SW20210285','N/A','N/A','SecuveTOS','시큐브','1','2','1','2','205','20502','',NULL,'1','자율주행 플랫폼 팀','SJTP','SJTP','김강현 대리','박준호 대리','2024-12-01 21:09:08',NULL,NULL,'N'),('SW20210286','N/A','N/A','SecuveTOS','시큐브','1','2','1','2','205','20502','',NULL,'1','자율주행 플랫폼 팀','SJTP','SJTP','김강현 대리','박준호 대리','2024-12-01 21:09:08',NULL,NULL,'N'),('SW20210287','N/A','N/A','SecuveTOS','시큐브','1','2','1','2','205','20502','',NULL,'1','자율주행 플랫폼 팀','SJTP','SJTP','김강현 대리','박준호 대리','2024-12-01 21:09:08',NULL,NULL,'N'),('SW20210288','N/A','N/A','SecuveTOS','시큐브','1','2','1','2','205','20502','',NULL,'1','자율주행 플랫폼 팀','SJTP','SJTP','김강현 대리','박준호 대리','2024-12-01 21:09:08',NULL,NULL,'N'),('SW20210289','N/A','N/A','SecuveTOS','시큐브','1','2','1','2','205','20502','',NULL,'1','자율주행 플랫폼 팀','SJTP','SJTP','김강현 대리','박준호 대리','2024-12-01 21:09:08',NULL,NULL,'N'),('SW20210290','N/A','N/A','Magic SSO/EAM','드림시큐리티','1','2','1','2','205','20502','',NULL,'1','자율주행 플랫폼 팀','SJTP','SJTP','김강현 대리','박준호 대리','2024-12-01 21:09:08',NULL,NULL,'N'),('SW20210291','N/A','N/A','Magic SSO/EAM','드림시큐리티','1','2','1','2','205','20502','',NULL,'1','자율주행 플랫폼 팀','SJTP','SJTP','김강현 대리','박준호 대리','2024-12-01 21:09:08',NULL,NULL,'N'),('SW20210292','N/A','N/A','PETRA','신시웨이','1','2','1','2','205','20503','',NULL,'1','자율주행 플랫폼 팀','SJTP','SJTP','김강현 대리','박준호 대리','2024-12-01 21:09:08',NULL,NULL,'N'),('SW20210293','N/A','N/A','알약 Mac','이스트시큐리디','1','2','1','2','205','20504','',NULL,'1','자율주행 플랫폼 팀','SJTP','SJTP','김강현 대리','박준호 대리','2024-12-01 21:09:08',NULL,NULL,'N'),('SW20210294','N/A','N/A','알약 Mac','이스트시큐리디','1','2','1','2','205','20504','',NULL,'1','자율주행 플랫폼 팀','SJTP','SJTP','김강현 대리','박준호 대리','2024-12-01 21:09:08',NULL,NULL,'N'),('SW20210295','N/A','N/A','알약 Mac','이스트시큐리디','1','2','1','2','205','20504','',NULL,'1','자율주행 플랫폼 팀','SJTP','SJTP','김강현 대리','박준호 대리','2024-12-01 21:09:08',NULL,NULL,'N'),('SW20210296','N/A','N/A','알약 패치 관리(PMS)','이스트시큐리디','1','2','1','2','205','20504','',NULL,'1','자율주행 플랫폼 팀','SJTP','SJTP','김강현 대리','박준호 대리','2024-12-01 21:09:08',NULL,NULL,'N'),('SW20210297','N/A','N/A','알약 패치 관리(PMS)','이스트시큐리디','1','2','1','2','205','20504','',NULL,'1','자율주행 플랫폼 팀','SJTP','SJTP','김강현 대리','박준호 대리','2024-12-01 21:09:08',NULL,NULL,'N'),('SW20210298','N/A','N/A','알약 패치 관리(PMS)','이스트시큐리디','1','2','1','2','205','20504','',NULL,'1','자율주행 플랫폼 팀','SJTP','SJTP','김강현 대리','박준호 대리','2024-12-01 21:09:08',NULL,NULL,'N'),('SW20210299','N/A','N/A','알약 패치 관리(PMS)','이스트시큐리디','1','2','1','2','205','20504','',NULL,'1','자율주행 플랫폼 팀','SJTP','SJTP','김강현 대리','박준호 대리','2024-12-01 21:09:08',NULL,NULL,'N'),('SW20210300','N/A','N/A','알약 패치 관리(PMS)','이스트시큐리디','1','2','1','2','205','20504','',NULL,'1','자율주행 플랫폼 팀','SJTP','SJTP','김강현 대리','박준호 대리','2024-12-01 21:09:08',NULL,NULL,'N'),('SW20210301','N/A','N/A','알약 패치 관리(PMS)','이스트시큐리디','1','2','1','2','205','20504','',NULL,'1','자율주행 플랫폼 팀','SJTP','SJTP','김강현 대리','박준호 대리','2024-12-01 21:09:08',NULL,NULL,'N'),('SW20210302','N/A','N/A','알약 패치 관리(PMS)','이스트시큐리디','1','2','1','2','205','20504','',NULL,'1','자율주행 플랫폼 팀','SJTP','SJTP','김강현 대리','박준호 대리','2024-12-01 21:09:08',NULL,NULL,'N'),('SW20210303','N/A','N/A','알약 패치 관리(PMS)','이스트시큐리디','1','2','1','2','205','20504','',NULL,'1','자율주행 플랫폼 팀','SJTP','SJTP','김강현 대리','박준호 대리','2024-12-01 21:09:08',NULL,NULL,'N'),('SW20210304','N/A','N/A','알약 패치 관리(PMS)','이스트시큐리디','1','2','1','2','205','20504','',NULL,'1','자율주행 플랫폼 팀','SJTP','SJTP','김강현 대리','박준호 대리','2024-12-01 21:09:08',NULL,NULL,'N'),('SW20210305','N/A','N/A','알약 패치 관리(PMS)','이스트시큐리디','1','2','1','2','205','20504','',NULL,'1','자율주행 플랫폼 팀','SJTP','SJTP','김강현 대리','박준호 대리','2024-12-01 21:09:08',NULL,NULL,'N'),('SW20210306','N/A','N/A','알약 패치 관리(PMS)','이스트시큐리디','1','2','1','2','205','20504','',NULL,'1','자율주행 플랫폼 팀','SJTP','SJTP','김강현 대리','박준호 대리','2024-12-01 21:09:08',NULL,NULL,'N'),('SW20210307','N/A','N/A','알약 패치 관리(PMS)','이스트시큐리디','1','2','1','2','205','20504','',NULL,'1','자율주행 플랫폼 팀','SJTP','SJTP','김강현 대리','박준호 대리','2024-12-01 21:09:08',NULL,NULL,'N'),('SW20210308','N/A','N/A','알약 패치 관리(PMS)','이스트시큐리디','1','2','1','2','205','20504','',NULL,'1','자율주행 플랫폼 팀','SJTP','SJTP','김강현 대리','박준호 대리','2024-12-01 21:09:08',NULL,NULL,'N'),('SW20210309','N/A','N/A','알약 패치 관리(PMS)','이스트시큐리디','1','2','1','2','205','20504','',NULL,'1','자율주행 플랫폼 팀','SJTP','SJTP','김강현 대리','박준호 대리','2024-12-01 21:09:08',NULL,NULL,'N'),('SW20210310','N/A','N/A','알약 패치 관리(PMS)','이스트시큐리디','1','2','1','2','205','20504','',NULL,'1','자율주행 플랫폼 팀','SJTP','SJTP','김강현 대리','박준호 대리','2024-12-01 21:09:08',NULL,NULL,'N'),('SW20210311','N/A','N/A','알약 패치 관리(PMS)','이스트시큐리디','1','2','1','2','205','20504','',NULL,'1','자율주행 플랫폼 팀','SJTP','SJTP','김강현 대리','박준호 대리','2024-12-01 21:09:08',NULL,NULL,'N'),('SW20210312','N/A','N/A','알약 패치 관리(PMS)','이스트시큐리디','1','2','1','2','205','20504','',NULL,'1','자율주행 플랫폼 팀','SJTP','SJTP','김강현 대리','박준호 대리','2024-12-01 21:09:08',NULL,NULL,'N'),('SW20210313','N/A','N/A','알약 패치 관리(PMS)','이스트시큐리디','1','2','1','2','205','20504','',NULL,'1','자율주행 플랫폼 팀','SJTP','SJTP','김강현 대리','박준호 대리','2024-12-01 21:09:08',NULL,NULL,'N'),('SW20210314','N/A','N/A','알약 패치 관리(PMS)','이스트시큐리디','1','2','1','2','205','20504','',NULL,'1','자율주행 플랫폼 팀','SJTP','SJTP','김강현 대리','박준호 대리','2024-12-01 21:09:08',NULL,NULL,'N'),('SW20210315','N/A','N/A','알약 패치 관리(PMS)','이스트시큐리디','1','2','1','2','205','20504','',NULL,'1','자율주행 플랫폼 팀','SJTP','SJTP','김강현 대리','박준호 대리','2024-12-01 21:09:08',NULL,NULL,'N'),('SW20210316','N/A','N/A','알약 패치 관리(PMS)','이스트시큐리디','1','2','1','2','205','20504','',NULL,'1','자율주행 플랫폼 팀','SJTP','SJTP','김강현 대리','박준호 대리','2024-12-01 21:09:08',NULL,NULL,'N'),('SW20210317','N/A','N/A','알약 패치 관리(PMS)','이스트시큐리디','1','2','1','2','205','20504','',NULL,'1','자율주행 플랫폼 팀','SJTP','SJTP','김강현 대리','박준호 대리','2024-12-01 21:09:08',NULL,NULL,'N'),('SW20210318','N/A','N/A','알약 패치 관리(PMS)','이스트시큐리디','1','2','1','2','205','20504','',NULL,'1','자율주행 플랫폼 팀','SJTP','SJTP','김강현 대리','박준호 대리','2024-12-01 21:09:08',NULL,NULL,'N'),('SW20210319','N/A','N/A','알약 패치 관리(PMS)','이스트시큐리디','1','2','1','2','205','20504','',NULL,'1','자율주행 플랫폼 팀','SJTP','SJTP','김강현 대리','박준호 대리','2024-12-01 21:09:08',NULL,NULL,'N'),('SW20210320','N/A','N/A','알약 패치 관리(PMS)','이스트시큐리디','1','2','1','2','205','20504','',NULL,'1','자율주행 플랫폼 팀','SJTP','SJTP','김강현 대리','박준호 대리','2024-12-01 21:09:08',NULL,NULL,'N'),('SW20210321','N/A','N/A','알약 패치 관리(PMS)','이스트시큐리디','1','2','1','2','205','20504','',NULL,'1','자율주행 플랫폼 팀','SJTP','SJTP','김강현 대리','박준호 대리','2024-12-01 21:09:08',NULL,NULL,'N'),('SW20210322','N/A','N/A','알약 패치 관리(PMS)','이스트시큐리디','1','2','1','2','205','20504','',NULL,'1','자율주행 플랫폼 팀','SJTP','SJTP','김강현 대리','박준호 대리','2024-12-01 21:09:08',NULL,NULL,'N'),('SW20210323','N/A','N/A','알약','이스트시큐리디','1','2','1','2','205','20504','',NULL,'1','자율주행 플랫폼 팀','SJTP','SJTP','김강현 대리','박준호 대리','2024-12-01 21:09:08',NULL,NULL,'N'),('SW20210324','N/A','N/A','알약','이스트시큐리디','1','2','1','2','205','20504','',NULL,'1','자율주행 플랫폼 팀','SJTP','SJTP','김강현 대리','박준호 대리','2024-12-01 21:09:08',NULL,NULL,'N'),('SW20210325','N/A','N/A','알약','이스트시큐리디','1','2','1','2','205','20504','',NULL,'1','자율주행 플랫폼 팀','SJTP','SJTP','김강현 대리','박준호 대리','2024-12-01 21:09:08',NULL,NULL,'N'),('SW20210326','N/A','N/A','알약','이스트시큐리디','1','2','1','2','205','20504','',NULL,'1','자율주행 플랫폼 팀','SJTP','SJTP','김강현 대리','박준호 대리','2024-12-01 21:09:08',NULL,NULL,'N'),('SW20210327','N/A','N/A','알약','이스트시큐리디','1','2','1','2','205','20504','',NULL,'1','자율주행 플랫폼 팀','SJTP','SJTP','김강현 대리','박준호 대리','2024-12-01 21:09:08',NULL,NULL,'N'),('SW20210328','N/A','N/A','알약','이스트시큐리디','1','2','1','2','205','20504','',NULL,'1','자율주행 플랫폼 팀','SJTP','SJTP','김강현 대리','박준호 대리','2024-12-01 21:09:08',NULL,NULL,'N'),('SW20210329','N/A','N/A','알약','이스트시큐리디','1','2','1','2','205','20504','',NULL,'1','자율주행 플랫폼 팀','SJTP','SJTP','김강현 대리','박준호 대리','2024-12-01 21:09:08',NULL,NULL,'N'),('SW20210330','N/A','N/A','알약','이스트시큐리디','1','2','1','2','205','20504','',NULL,'1','자율주행 플랫폼 팀','SJTP','SJTP','김강현 대리','박준호 대리','2024-12-01 21:09:08',NULL,NULL,'N'),('SW20210331','N/A','N/A','알약','이스트시큐리디','1','2','1','2','205','20504','',NULL,'1','자율주행 플랫폼 팀','SJTP','SJTP','김강현 대리','박준호 대리','2024-12-01 21:09:08',NULL,NULL,'N'),('SW20210332','N/A','N/A','알약','이스트시큐리디','1','2','1','2','205','20504','',NULL,'1','자율주행 플랫폼 팀','SJTP','SJTP','김강현 대리','박준호 대리','2024-12-01 21:09:08',NULL,NULL,'N'),('SW20210333','N/A','N/A','알약','이스트시큐리디','1','2','1','2','205','20504','',NULL,'1','자율주행 플랫폼 팀','SJTP','SJTP','김강현 대리','박준호 대리','2024-12-01 21:09:08',NULL,NULL,'N'),('SW20210334','N/A','N/A','알약','이스트시큐리디','1','2','1','2','205','20504','',NULL,'1','자율주행 플랫폼 팀','SJTP','SJTP','김강현 대리','박준호 대리','2024-12-01 21:09:08',NULL,NULL,'N'),('SW20210335','N/A','N/A','알약','이스트시큐리디','1','2','1','2','205','20504','',NULL,'1','자율주행 플랫폼 팀','SJTP','SJTP','김강현 대리','박준호 대리','2024-12-01 21:09:08',NULL,NULL,'N'),('SW20210336','N/A','N/A','알약','이스트시큐리디','1','2','1','2','205','20504','',NULL,'1','자율주행 플랫폼 팀','SJTP','SJTP','김강현 대리','박준호 대리','2024-12-01 21:09:08',NULL,NULL,'N'),('SW20210337','N/A','N/A','알약','이스트시큐리디','1','2','1','2','205','20504','',NULL,'1','자율주행 플랫폼 팀','SJTP','SJTP','김강현 대리','박준호 대리','2024-12-01 21:09:08',NULL,NULL,'N'),('SW20210338','N/A','N/A','알약','이스트시큐리디','1','2','1','2','205','20504','',NULL,'1','자율주행 플랫폼 팀','SJTP','SJTP','김강현 대리','박준호 대리','2024-12-01 21:09:08',NULL,NULL,'N'),('SW20210339','N/A','N/A','알약','이스트시큐리디','1','2','1','2','205','20504','',NULL,'1','자율주행 플랫폼 팀','SJTP','SJTP','김강현 대리','박준호 대리','2024-12-01 21:09:08',NULL,NULL,'N'),('SW20210340','N/A','N/A','알약','이스트시큐리디','1','2','1','2','205','20504','',NULL,'1','자율주행 플랫폼 팀','SJTP','SJTP','김강현 대리','박준호 대리','2024-12-01 21:09:08',NULL,NULL,'N'),('SW20210341','N/A','N/A','알약','이스트시큐리디','1','2','1','2','205','20504','',NULL,'1','자율주행 플랫폼 팀','SJTP','SJTP','김강현 대리','박준호 대리','2024-12-01 21:09:08',NULL,NULL,'N'),('SW20210342','N/A','N/A','알약','이스트시큐리디','1','2','1','2','205','20504','',NULL,'1','자율주행 플랫폼 팀','SJTP','SJTP','김강현 대리','박준호 대리','2024-12-01 21:09:08',NULL,NULL,'N'),('SW20210343','N/A','N/A','알약','이스트시큐리디','1','2','1','2','205','20504','',NULL,'1','자율주행 플랫폼 팀','SJTP','SJTP','김강현 대리','박준호 대리','2024-12-01 21:09:08',NULL,NULL,'N'),('SW20210344','N/A','N/A','알약','이스트시큐리디','1','2','1','2','205','20504','',NULL,'1','자율주행 플랫폼 팀','SJTP','SJTP','김강현 대리','박준호 대리','2024-12-01 21:09:08',NULL,NULL,'N'),('SW20210345','N/A','N/A','알약','이스트시큐리디','1','2','1','2','205','20504','',NULL,'1','자율주행 플랫폼 팀','SJTP','SJTP','김강현 대리','박준호 대리','2024-12-01 21:09:08',NULL,NULL,'N'),('SW20210346','N/A','N/A','알약','이스트시큐리디','1','2','1','2','205','20504','',NULL,'1','자율주행 플랫폼 팀','SJTP','SJTP','김강현 대리','박준호 대리','2024-12-01 21:09:08',NULL,NULL,'N'),('SW20210347','N/A','N/A','알약','이스트시큐리디','1','2','1','2','205','20504','',NULL,'1','자율주행 플랫폼 팀','SJTP','SJTP','김강현 대리','박준호 대리','2024-12-01 21:09:08',NULL,NULL,'N'),('SW20210348','N/A','N/A','알약','이스트시큐리디','1','2','1','2','205','20504','',NULL,'1','자율주행 플랫폼 팀','SJTP','SJTP','김강현 대리','박준호 대리','2024-12-01 21:09:08',NULL,NULL,'N'),('SW20210349','N/A','N/A','알약','이스트시큐리디','1','2','1','2','205','20504','',NULL,'1','자율주행 플랫폼 팀','SJTP','SJTP','김강현 대리','박준호 대리','2024-12-01 21:09:08',NULL,NULL,'N'),('SW20210350','N/A','N/A','알약','이스트시큐리디','1','2','1','2','205','20504','',NULL,'1','자율주행 플랫폼 팀','SJTP','SJTP','김강현 대리','박준호 대리','2024-12-01 21:09:08',NULL,NULL,'N'),('SW20210351','N/A','N/A','알약','이스트시큐리디','1','2','1','2','205','20504','',NULL,'1','자율주행 플랫폼 팀','SJTP','SJTP','김강현 대리','박준호 대리','2024-12-01 21:09:08',NULL,NULL,'N'),('SW20210352','N/A','N/A','알약','이스트시큐리디','1','2','1','2','205','20504','',NULL,'1','자율주행 플랫폼 팀','SJTP','SJTP','김강현 대리','박준호 대리','2024-12-01 21:09:08',NULL,NULL,'N'),('SW20210353','N/A','N/A','알약 for Linux','이스트시큐리디','1','2','1','2','205','20504','',NULL,'1','자율주행 플랫폼 팀','SJTP','SJTP','김강현 대리','박준호 대리','2024-12-01 21:09:08',NULL,NULL,'N'),('SW20210354','N/A','N/A','알약 for Linux','이스트시큐리디','1','2','1','2','205','20504','',NULL,'1','자율주행 플랫폼 팀','SJTP','SJTP','김강현 대리','박준호 대리','2024-12-01 21:09:08',NULL,NULL,'N'),('SW20210355','N/A','N/A','알약 for Linux','이스트시큐리디','1','2','1','2','205','20504','',NULL,'1','자율주행 플랫폼 팀','SJTP','SJTP','김강현 대리','박준호 대리','2024-12-01 21:09:08',NULL,NULL,'N'),('SW20210356','N/A','N/A','알약 for Linux','이스트시큐리디','1','2','1','2','205','20504','',NULL,'1','자율주행 플랫폼 팀','SJTP','SJTP','김강현 대리','박준호 대리','2024-12-01 21:09:08',NULL,NULL,'N'),('SW20210357','N/A','N/A','알약 for Linux','이스트시큐리디','1','2','1','2','205','20504','',NULL,'1','자율주행 플랫폼 팀','SJTP','SJTP','김강현 대리','박준호 대리','2024-12-01 21:09:08',NULL,NULL,'N'),('SW20210358','N/A','N/A','알약 for Linux','이스트시큐리디','1','2','1','2','205','20504','',NULL,'1','자율주행 플랫폼 팀','SJTP','SJTP','김강현 대리','박준호 대리','2024-12-01 21:09:08',NULL,NULL,'N'),('SW20210359','N/A','N/A','알약 for Linux','이스트시큐리디','1','2','1','2','205','20504','',NULL,'1','자율주행 플랫폼 팀','SJTP','SJTP','김강현 대리','박준호 대리','2024-12-01 21:09:08',NULL,NULL,'N'),('SW20210360','N/A','N/A','알약 for Linux','이스트시큐리디','1','2','1','2','205','20504','',NULL,'1','자율주행 플랫폼 팀','SJTP','SJTP','김강현 대리','박준호 대리','2024-12-01 21:09:08',NULL,NULL,'N'),('SW20210361','N/A','N/A','알약 for Linux','이스트시큐리디','1','2','1','2','205','20504','',NULL,'1','자율주행 플랫폼 팀','SJTP','SJTP','김강현 대리','박준호 대리','2024-12-01 21:09:08',NULL,NULL,'N'),('SW20210362','N/A','N/A','알약 for Linux','이스트시큐리디','1','2','1','2','205','20504','',NULL,'1','자율주행 플랫폼 팀','SJTP','SJTP','김강현 대리','박준호 대리','2024-12-01 21:09:08',NULL,NULL,'N'),('SW20210363','N/A','N/A','알약 for Linux','이스트시큐리디','1','2','1','2','205','20504','',NULL,'1','자율주행 플랫폼 팀','SJTP','SJTP','김강현 대리','박준호 대리','2024-12-01 21:09:08',NULL,NULL,'N'),('SW20210364','N/A','N/A','알약 for Linux','이스트시큐리디','1','2','1','2','205','20504','',NULL,'1','자율주행 플랫폼 팀','SJTP','SJTP','김강현 대리','박준호 대리','2024-12-01 21:09:08',NULL,NULL,'N'),('SW20210365','N/A','N/A','알약 for Linux','이스트시큐리디','1','2','1','2','205','20504','',NULL,'1','자율주행 플랫폼 팀','SJTP','SJTP','김강현 대리','박준호 대리','2024-12-01 21:09:08',NULL,NULL,'N'),('SW20210366','N/A','N/A','알약 for Linux','이스트시큐리디','1','2','1','2','205','20504','',NULL,'1','자율주행 플랫폼 팀','SJTP','SJTP','김강현 대리','박준호 대리','2024-12-01 21:09:08',NULL,NULL,'N'),('SW20210367','N/A','N/A','알약 for Linux','이스트시큐리디','1','2','1','2','205','20504','',NULL,'1','자율주행 플랫폼 팀','SJTP','SJTP','김강현 대리','박준호 대리','2024-12-01 21:09:08',NULL,NULL,'N'),('SW20210368','N/A','N/A','알약 for Linux','이스트시큐리디','1','2','1','2','205','20504','',NULL,'1','자율주행 플랫폼 팀','SJTP','SJTP','김강현 대리','박준호 대리','2024-12-01 21:09:08',NULL,NULL,'N'),('SW20210369','N/A','N/A','알약 for Linux','이스트시큐리디','1','2','1','2','205','20504','',NULL,'1','자율주행 플랫폼 팀','SJTP','SJTP','김강현 대리','박준호 대리','2024-12-01 21:09:08',NULL,NULL,'N'),('SW20210370','N/A','N/A','알약 for Linux','이스트시큐리디','1','2','1','2','205','20504','',NULL,'1','자율주행 플랫폼 팀','SJTP','SJTP','김강현 대리','박준호 대리','2024-12-01 21:09:08',NULL,NULL,'N'),('SW20210371','N/A','N/A','알약 for Linux','이스트시큐리디','1','2','1','2','205','20504','',NULL,'1','자율주행 플랫폼 팀','SJTP','SJTP','김강현 대리','박준호 대리','2024-12-01 21:09:08',NULL,NULL,'N'),('SW20210372','N/A','N/A','알약 for Linux','이스트시큐리디','1','2','1','2','205','20504','',NULL,'1','자율주행 플랫폼 팀','SJTP','SJTP','김강현 대리','박준호 대리','2024-12-01 21:09:08',NULL,NULL,'N'),('SW20210373','N/A','N/A','알약 for Linux','이스트시큐리디','1','2','1','2','205','20504','',NULL,'1','자율주행 플랫폼 팀','SJTP','SJTP','김강현 대리','박준호 대리','2024-12-01 21:09:08',NULL,NULL,'N'),('SW20210374','N/A','N/A','알약 for Linux','이스트시큐리디','1','2','1','2','205','20504','',NULL,'1','자율주행 플랫폼 팀','SJTP','SJTP','김강현 대리','박준호 대리','2024-12-01 21:09:08',NULL,NULL,'N'),('SW20210375','N/A','N/A','알약 for Linux','이스트시큐리디','1','2','1','2','205','20504','',NULL,'1','자율주행 플랫폼 팀','SJTP','SJTP','김강현 대리','박준호 대리','2024-12-01 21:09:08',NULL,NULL,'N'),('SW20210376','N/A','N/A','알약 for Linux','이스트시큐리디','1','2','1','2','205','20504','',NULL,'1','자율주행 플랫폼 팀','SJTP','SJTP','김강현 대리','박준호 대리','2024-12-01 21:09:08',NULL,NULL,'N'),('SW20210377','N/A','N/A','알약 for Linux','이스트시큐리디','1','2','1','2','205','20504','',NULL,'1','자율주행 플랫폼 팀','SJTP','SJTP','김강현 대리','박준호 대리','2024-12-01 21:09:08',NULL,NULL,'N'),('SW20210378','N/A','N/A','알약 for Linux','이스트시큐리디','1','2','1','2','205','20504','',NULL,'1','자율주행 플랫폼 팀','SJTP','SJTP','김강현 대리','박준호 대리','2024-12-01 21:09:08',NULL,NULL,'N'),('SW20210379','N/A','N/A','알약 for Linux','이스트시큐리디','1','2','1','2','205','20504','',NULL,'1','자율주행 플랫폼 팀','SJTP','SJTP','김강현 대리','박준호 대리','2024-12-01 21:09:08',NULL,NULL,'N'),('SW20210380','N/A','N/A','알약 for Linux','이스트시큐리디','1','2','1','2','205','20504','',NULL,'1','자율주행 플랫폼 팀','SJTP','SJTP','김강현 대리','박준호 대리','2024-12-01 21:09:08',NULL,NULL,'N'),('SW20210381','N/A','N/A','알약 for Linux','이스트시큐리디','1','2','1','2','205','20504','',NULL,'1','자율주행 플랫폼 팀','SJTP','SJTP','김강현 대리','박준호 대리','2024-12-01 21:09:08',NULL,NULL,'N'),('SW20210382','N/A','N/A','알약 for Linux','이스트시큐리디','1','2','1','2','205','20504','',NULL,'1','자율주행 플랫폼 팀','SJTP','SJTP','김강현 대리','박준호 대리','2024-12-01 21:09:08',NULL,NULL,'N'),('SW20210383','N/A','N/A','알약 for Linux','이스트시큐리디','1','2','1','2','205','20504','',NULL,'1','자율주행 플랫폼 팀','SJTP','SJTP','김강현 대리','박준호 대리','2024-12-01 21:09:08',NULL,NULL,'N'),('SW20210384','N/A','N/A','알약 for Linux','이스트시큐리디','1','2','1','2','205','20504','',NULL,'1','자율주행 플랫폼 팀','SJTP','SJTP','김강현 대리','박준호 대리','2024-12-01 21:09:08',NULL,NULL,'N'),('SW20210385','N/A','N/A','알약 for Linux','이스트시큐리디','1','2','1','2','205','20504','',NULL,'1','자율주행 플랫폼 팀','SJTP','SJTP','김강현 대리','박준호 대리','2024-12-01 21:09:08',NULL,NULL,'N'),('SW20210386','N/A','N/A','알약 for Linux','이스트시큐리디','1','2','1','2','205','20504','',NULL,'1','자율주행 플랫폼 팀','SJTP','SJTP','김강현 대리','박준호 대리','2024-12-01 21:09:08',NULL,NULL,'N'),('SW20210387','N/A','N/A','알약 for Linux','이스트시큐리디','1','2','1','2','205','20504','',NULL,'1','자율주행 플랫폼 팀','SJTP','SJTP','김강현 대리','박준호 대리','2024-12-01 21:09:08',NULL,NULL,'N'),('SW20210388','N/A','N/A','알약 for Linux','이스트시큐리디','1','2','1','2','205','20504','',NULL,'1','자율주행 플랫폼 팀','SJTP','SJTP','김강현 대리','박준호 대리','2024-12-01 21:09:08',NULL,NULL,'N'),('SW20210389','N/A','N/A','알약 for Linux','이스트시큐리디','1','2','1','2','205','20504','',NULL,'1','자율주행 플랫폼 팀','SJTP','SJTP','김강현 대리','박준호 대리','2024-12-01 21:09:08',NULL,NULL,'N'),('SW20210390','N/A','N/A','알약 for Linux','이스트시큐리디','1','2','1','2','205','20504','',NULL,'1','자율주행 플랫폼 팀','SJTP','SJTP','김강현 대리','박준호 대리','2024-12-01 21:09:08',NULL,NULL,'N'),('SW20210391','N/A','N/A','알약 for Linux','이스트시큐리디','1','2','1','2','205','20504','',NULL,'1','자율주행 플랫폼 팀','SJTP','SJTP','김강현 대리','박준호 대리','2024-12-01 21:09:08',NULL,NULL,'N'),('SW20210392','N/A','N/A','알약 for Linux','이스트시큐리디','1','2','1','2','205','20504','',NULL,'1','자율주행 플랫폼 팀','SJTP','SJTP','김강현 대리','박준호 대리','2024-12-01 21:09:08',NULL,NULL,'N'),('SW20210393','N/A','N/A','알약 for Linux','이스트시큐리디','1','2','1','2','205','20504','',NULL,'1','자율주행 플랫폼 팀','SJTP','SJTP','김강현 대리','박준호 대리','2024-12-01 21:09:08',NULL,NULL,'N'),('SW20210394','N/A','N/A','알약 for Linux','이스트시큐리디','1','2','1','2','205','20504','',NULL,'1','자율주행 플랫폼 팀','SJTP','SJTP','김강현 대리','박준호 대리','2024-12-01 21:09:08',NULL,NULL,'N'),('SW20210395','N/A','N/A','알약 for Linux','이스트시큐리디','1','2','1','2','205','20504','',NULL,'1','자율주행 플랫폼 팀','SJTP','SJTP','김강현 대리','박준호 대리','2024-12-01 21:09:08',NULL,NULL,'N'),('SW20210396','N/A','N/A','알약 for Linux','이스트시큐리디','1','2','1','2','205','20504','',NULL,'1','자율주행 플랫폼 팀','SJTP','SJTP','김강현 대리','박준호 대리','2024-12-01 21:09:08',NULL,NULL,'N'),('SW20210397','N/A','N/A','알약 for Linux','이스트시큐리디','1','2','1','2','205','20504','',NULL,'1','자율주행 플랫폼 팀','SJTP','SJTP','김강현 대리','박준호 대리','2024-12-01 21:09:08',NULL,NULL,'N'),('SW20210398','N/A','N/A','알약 for Linux','이스트시큐리디','1','2','1','2','205','20504','',NULL,'1','자율주행 플랫폼 팀','SJTP','SJTP','김강현 대리','박준호 대리','2024-12-01 21:09:08',NULL,NULL,'N'),('SW20210399','N/A','N/A','알약 for Linux','이스트시큐리디','1','2','1','2','205','20504','',NULL,'1','자율주행 플랫폼 팀','SJTP','SJTP','김강현 대리','박준호 대리','2024-12-01 21:09:08',NULL,NULL,'N'),('SW20210400','N/A','N/A','알약 for Linux','이스트시큐리디','1','2','1','2','205','20504','',NULL,'1','자율주행 플랫폼 팀','SJTP','SJTP','김강현 대리','박준호 대리','2024-12-01 21:09:08',NULL,NULL,'N'),('SW20210401','N/A','N/A','알약 for Linux','이스트시큐리디','1','2','1','2','205','20504','',NULL,'1','자율주행 플랫폼 팀','SJTP','SJTP','김강현 대리','박준호 대리','2024-12-01 21:09:08',NULL,NULL,'N'),('SW20210402','N/A','N/A','알약 for Linux','이스트시큐리디','1','2','1','2','205','20504','',NULL,'1','자율주행 플랫폼 팀','SJTP','SJTP','김강현 대리','박준호 대리','2024-12-01 21:09:08',NULL,NULL,'N'),('SW20210403','N/A','N/A','알약 for Linux','이스트시큐리디','1','2','1','2','205','20504','',NULL,'1','자율주행 플랫폼 팀','SJTP','SJTP','김강현 대리','박준호 대리','2024-12-01 21:09:08',NULL,NULL,'N'),('SW20210404','N/A','N/A','알약 for Linux','이스트시큐리디','1','2','1','2','205','20504','',NULL,'1','자율주행 플랫폼 팀','SJTP','SJTP','김강현 대리','박준호 대리','2024-12-01 21:09:08',NULL,NULL,'N'),('SW20210405','N/A','N/A','알약 for Linux','이스트시큐리디','1','2','1','2','205','20504','',NULL,'1','자율주행 플랫폼 팀','SJTP','SJTP','김강현 대리','박준호 대리','2024-12-01 21:09:08',NULL,NULL,'N'),('SW20210406','N/A','N/A','알약 for Linux','이스트시큐리디','1','2','1','2','205','20504','',NULL,'1','자율주행 플랫폼 팀','SJTP','SJTP','김강현 대리','박준호 대리','2024-12-01 21:09:08',NULL,NULL,'N'),('SW20210407','N/A','N/A','알약 for Linux','이스트시큐리디','1','2','1','2','205','20504','',NULL,'1','자율주행 플랫폼 팀','SJTP','SJTP','김강현 대리','박준호 대리','2024-12-01 21:09:08',NULL,NULL,'N'),('SW20210408','N/A','N/A','알약 for Linux','이스트시큐리디','1','2','1','2','205','20504','',NULL,'1','자율주행 플랫폼 팀','SJTP','SJTP','김강현 대리','박준호 대리','2024-12-01 21:09:08',NULL,NULL,'N'),('SW20210409','N/A','N/A','알약 for Linux','이스트시큐리디','1','2','1','2','205','20504','',NULL,'1','자율주행 플랫폼 팀','SJTP','SJTP','김강현 대리','박준호 대리','2024-12-01 21:09:08',NULL,NULL,'N'),('SW20210410','N/A','N/A','알약 for Linux','이스트시큐리디','1','2','1','2','205','20504','',NULL,'1','자율주행 플랫폼 팀','SJTP','SJTP','김강현 대리','박준호 대리','2024-12-01 21:09:08',NULL,NULL,'N'),('SW20210411','N/A','N/A','알약 for Linux','이스트시큐리디','1','2','1','2','205','20504','',NULL,'1','자율주행 플랫폼 팀','SJTP','SJTP','김강현 대리','박준호 대리','2024-12-01 21:09:08',NULL,NULL,'N'),('SW20210412','N/A','N/A','알약 for Linux','이스트시큐리디','1','2','1','2','205','20504','',NULL,'1','자율주행 플랫폼 팀','SJTP','SJTP','김강현 대리','박준호 대리','2024-12-01 21:09:08',NULL,NULL,'N'),('SW20210413','N/A','N/A','알약 for Linux','이스트시큐리디','1','2','1','2','205','20504','',NULL,'1','자율주행 플랫폼 팀','SJTP','SJTP','김강현 대리','박준호 대리','2024-12-01 21:09:08',NULL,NULL,'N'),('SW20210414','N/A','N/A','알약 for Linux','이스트시큐리디','1','2','1','2','205','20504','',NULL,'1','자율주행 플랫폼 팀','SJTP','SJTP','김강현 대리','박준호 대리','2024-12-01 21:09:08',NULL,NULL,'N'),('SW20210415','N/A','N/A','알약 for Linux','이스트시큐리디','1','2','1','2','205','20504','',NULL,'1','자율주행 플랫폼 팀','SJTP','SJTP','김강현 대리','박준호 대리','2024-12-01 21:09:08',NULL,NULL,'N'),('SW20210416','N/A','N/A','알약 for Linux','이스트시큐리디','1','2','1','2','205','20504','',NULL,'1','자율주행 플랫폼 팀','SJTP','SJTP','김강현 대리','박준호 대리','2024-12-01 21:09:08',NULL,NULL,'N'),('SW20210417','N/A','N/A','알약 for Linux','이스트시큐리디','1','2','1','2','205','20504','',NULL,'1','자율주행 플랫폼 팀','SJTP','SJTP','김강현 대리','박준호 대리','2024-12-01 21:09:08',NULL,NULL,'N'),('SW20210418','N/A','N/A','알약 for Linux','이스트시큐리디','1','2','1','2','205','20504','',NULL,'1','자율주행 플랫폼 팀','SJTP','SJTP','김강현 대리','박준호 대리','2024-12-01 21:09:08',NULL,NULL,'N'),('SW20210419','N/A','N/A','알약 for Linux','이스트시큐리디','1','2','1','2','205','20504','',NULL,'1','자율주행 플랫폼 팀','SJTP','SJTP','김강현 대리','박준호 대리','2024-12-01 21:09:08',NULL,NULL,'N'),('SW20210420','N/A','N/A','알약 for Linux','이스트시큐리디','1','2','1','2','205','20504','',NULL,'1','자율주행 플랫폼 팀','SJTP','SJTP','김강현 대리','박준호 대리','2024-12-01 21:09:08',NULL,NULL,'N'),('SW20210421','N/A','N/A','알약 for Linux','이스트시큐리디','1','2','1','2','205','20504','',NULL,'1','자율주행 플랫폼 팀','SJTP','SJTP','김강현 대리','박준호 대리','2024-12-01 21:09:08',NULL,NULL,'N'),('SW20210422','N/A','N/A','알약 for Linux','이스트시큐리디','1','2','1','2','205','20504','',NULL,'1','자율주행 플랫폼 팀','SJTP','SJTP','김강현 대리','박준호 대리','2024-12-01 21:09:08',NULL,NULL,'N'),('SW20210423','N/A','N/A','알약 for Linux','이스트시큐리디','1','2','1','2','205','20504','',NULL,'1','자율주행 플랫폼 팀','SJTP','SJTP','김강현 대리','박준호 대리','2024-12-01 21:09:08',NULL,NULL,'N'),('SW20210424','N/A','N/A','알약 for Linux','이스트시큐리디','1','2','1','2','205','20504','',NULL,'1','자율주행 플랫폼 팀','SJTP','SJTP','김강현 대리','박준호 대리','2024-12-01 21:09:08',NULL,NULL,'N'),('SW20210425','N/A','N/A','알약 for Linux','이스트시큐리디','1','2','1','2','205','20504','',NULL,'1','자율주행 플랫폼 팀','SJTP','SJTP','김강현 대리','박준호 대리','2024-12-01 21:09:08',NULL,NULL,'N'),('SW20210426','N/A','N/A','알약 for Linux','이스트시큐리디','1','2','1','2','205','20504','',NULL,'1','자율주행 플랫폼 팀','SJTP','SJTP','김강현 대리','박준호 대리','2024-12-01 21:09:08',NULL,NULL,'N'),('SW20210427','N/A','N/A','알약 for Linux','이스트시큐리디','1','2','1','2','205','20504','',NULL,'1','자율주행 플랫폼 팀','SJTP','SJTP','김강현 대리','박준호 대리','2024-12-01 21:09:08',NULL,NULL,'N'),('SW20210428','N/A','N/A','알약 for Linux','이스트시큐리디','1','2','1','2','205','20504','',NULL,'1','자율주행 플랫폼 팀','SJTP','SJTP','김강현 대리','박준호 대리','2024-12-01 21:09:08',NULL,NULL,'N'),('SW20210429','N/A','N/A','알약 for Linux','이스트시큐리디','1','2','1','2','205','20504','',NULL,'1','자율주행 플랫폼 팀','SJTP','SJTP','김강현 대리','박준호 대리','2024-12-01 21:09:08',NULL,NULL,'N'),('SW20210430','N/A','N/A','알약 for Linux','이스트시큐리디','1','2','1','2','205','20504','',NULL,'1','자율주행 플랫폼 팀','SJTP','SJTP','김강현 대리','박준호 대리','2024-12-01 21:09:08',NULL,NULL,'N'),('SW20210431','N/A','N/A','알약 for Linux','이스트시큐리디','1','2','1','2','205','20504','',NULL,'1','자율주행 플랫폼 팀','SJTP','SJTP','김강현 대리','박준호 대리','2024-12-01 21:09:08',NULL,NULL,'N'),('SW20210432','N/A','N/A','알약 for Linux','이스트시큐리디','1','2','1','2','205','20504','',NULL,'1','자율주행 플랫폼 팀','SJTP','SJTP','김강현 대리','박준호 대리','2024-12-01 21:09:08',NULL,NULL,'N'),('SW20210433','N/A','N/A','알약 for Linux','이스트시큐리디','1','2','1','2','205','20504','',NULL,'1','자율주행 플랫폼 팀','SJTP','SJTP','김강현 대리','박준호 대리','2024-12-01 21:09:08',NULL,NULL,'N'),('SW20210434','N/A','N/A','알약 for Linux','이스트시큐리디','1','2','1','2','205','20504','',NULL,'1','자율주행 플랫폼 팀','SJTP','SJTP','김강현 대리','박준호 대리','2024-12-01 21:09:08',NULL,NULL,'N'),('SW20210435','N/A','N/A','알약 for Linux','이스트시큐리디','1','2','1','2','205','20504','',NULL,'1','자율주행 플랫폼 팀','SJTP','SJTP','김강현 대리','박준호 대리','2024-12-01 21:09:08',NULL,NULL,'N'),('SW20210436','N/A','N/A','알약 for Linux','이스트시큐리디','1','2','1','2','205','20504','',NULL,'1','자율주행 플랫폼 팀','SJTP','SJTP','김강현 대리','박준호 대리','2024-12-01 21:09:08',NULL,NULL,'N'),('SW20210437','N/A','N/A','알약 for Linux','이스트시큐리디','1','2','1','2','205','20504','',NULL,'1','자율주행 플랫폼 팀','SJTP','SJTP','김강현 대리','박준호 대리','2024-12-01 21:09:08',NULL,NULL,'N'),('SW20210438','N/A','N/A','알약 for Linux','이스트시큐리디','1','2','1','2','205','20504','',NULL,'1','자율주행 플랫폼 팀','SJTP','SJTP','김강현 대리','박준호 대리','2024-12-01 21:09:08',NULL,NULL,'N'),('SW20210439','N/A','N/A','알약 for Linux','이스트시큐리디','1','2','1','2','205','20504','',NULL,'1','자율주행 플랫폼 팀','SJTP','SJTP','김강현 대리','박준호 대리','2024-12-01 21:09:08',NULL,NULL,'N'),('SW20210440','N/A','N/A','알약 for Linux','이스트시큐리디','1','2','1','2','205','20504','',NULL,'1','자율주행 플랫폼 팀','SJTP','SJTP','김강현 대리','박준호 대리','2024-12-01 21:09:08',NULL,NULL,'N'),('SW20210441','N/A','N/A','알약 for Linux','이스트시큐리디','1','2','1','2','205','20504','',NULL,'1','자율주행 플랫폼 팀','SJTP','SJTP','김강현 대리','박준호 대리','2024-12-01 21:09:08',NULL,NULL,'N'),('SW20210442','N/A','N/A','알약 for Linux','이스트시큐리디','1','2','1','2','205','20504','',NULL,'1','자율주행 플랫폼 팀','SJTP','SJTP','김강현 대리','박준호 대리','2024-12-01 21:09:08',NULL,NULL,'N'),('SW20210443','N/A','N/A','알약 for Linux','이스트시큐리디','1','2','1','2','205','20504','',NULL,'1','자율주행 플랫폼 팀','SJTP','SJTP','김강현 대리','박준호 대리','2024-12-01 21:09:08',NULL,NULL,'N'),('SW20210444','N/A','N/A','알약 for Linux','이스트시큐리디','1','2','1','2','205','20504','',NULL,'1','자율주행 플랫폼 팀','SJTP','SJTP','김강현 대리','박준호 대리','2024-12-01 21:09:08',NULL,NULL,'N'),('SW20210445','N/A','N/A','알약 for Linux','이스트시큐리디','1','2','1','2','205','20504','',NULL,'1','자율주행 플랫폼 팀','SJTP','SJTP','김강현 대리','박준호 대리','2024-12-01 21:09:08',NULL,NULL,'N'),('SW20210446','N/A','N/A','알약 for Linux','이스트시큐리디','1','2','1','2','205','20504','',NULL,'1','자율주행 플랫폼 팀','SJTP','SJTP','김강현 대리','박준호 대리','2024-12-01 21:09:08',NULL,NULL,'N'),('SW20210447','N/A','N/A','알약 for Linux','이스트시큐리디','1','2','1','2','205','20504','',NULL,'1','자율주행 플랫폼 팀','SJTP','SJTP','김강현 대리','박준호 대리','2024-12-01 21:09:08',NULL,NULL,'N'),('SW20210448','N/A','N/A','알약 for Linux','이스트시큐리디','1','2','1','2','205','20504','',NULL,'1','자율주행 플랫폼 팀','SJTP','SJTP','김강현 대리','박준호 대리','2024-12-01 21:09:08',NULL,NULL,'N'),('SW20210449','N/A','N/A','알약 for Linux','이스트시큐리디','1','2','1','2','205','20504','',NULL,'1','자율주행 플랫폼 팀','SJTP','SJTP','김강현 대리','박준호 대리','2024-12-01 21:09:08',NULL,NULL,'N'),('SW20210450','N/A','N/A','알약 for Linux','이스트시큐리디','1','2','1','2','205','20504','',NULL,'1','자율주행 플랫폼 팀','SJTP','SJTP','김강현 대리','박준호 대리','2024-12-01 21:09:08',NULL,NULL,'N'),('SW20210451','N/A','N/A','알약 for Linux','이스트시큐리디','1','2','1','2','205','20504','',NULL,'1','자율주행 플랫폼 팀','SJTP','SJTP','김강현 대리','박준호 대리','2024-12-01 21:09:08',NULL,NULL,'N'),('SW20210452','N/A','N/A','ASM(Linux)','이스트시큐리디','1','2','1','2','205','20508','',NULL,'1','자율주행 플랫폼 팀','SJTP','SJTP','김강현 대리','박준호 대리','2024-12-01 21:09:08',NULL,NULL,'N'),('SW20210453','N/A','N/A','Hadoop-httpfs','Microsoft','2','1','1','2','206','20602','',NULL,'1','자율주행 플랫폼 팀','SJTP','SJTP','김강현 대리','박준호 대리','2024-12-01 21:09:08',NULL,NULL,'N'),('SW20210454','N/A','N/A','zookeeper','Microsoft','2','1','1','2','206','20602','',NULL,'1','자율주행 플랫폼 팀','SJTP','SJTP','김강현 대리','박준호 대리','2024-12-01 21:09:08',NULL,NULL,'N'),('SW20210455','N/A','N/A','zookeeper','Microsoft','2','1','1','2','206','20602','',NULL,'1','자율주행 플랫폼 팀','SJTP','SJTP','김강현 대리','박준호 대리','2024-12-01 21:09:08',NULL,NULL,'N'),('SW20210456','N/A','N/A','zookeeper','Microsoft','2','1','1','2','206','20602','',NULL,'1','자율주행 플랫폼 팀','SJTP','SJTP','김강현 대리','박준호 대리','2024-12-01 21:09:08',NULL,NULL,'N'),('SW20210457','N/A','N/A','TG 1st UMS','티젠소프트','1','1','1','2','206','20602','',NULL,'1','자율주행 플랫폼 팀','SJTP','SJTP','김강현 대리','박준호 대리','2024-12-01 21:09:08',NULL,NULL,'N'),('SW20210458','N/A','N/A','Zuenius-EMS','N/A','1','1','1','2','206','20602','',NULL,'1','자율주행 플랫폼 팀','SJTP','SJTP','김강현 대리','박준호 대리','2024-12-01 21:09:08',NULL,NULL,'N'),('SW20210459','N/A','N/A','Dtrix IP WLL Controller','클라모스','1','1','1','2','206','20602','',NULL,'1','자율주행 플랫폼 팀','SJTP','SJTP','김강현 대리','박준호 대리','2024-12-01 21:09:08',NULL,NULL,'N'),('SW20210460','N/A','N/A','openapi','N/A','2','1','1','2','208','20802','',NULL,'1','자율주행 플랫폼 팀','SJTP','SJTP','김강현 대리','박준호 대리','2024-12-01 21:09:08',NULL,NULL,'N'),('SW20210461','N/A','N/A','openapi','N/A','2','1','1','2','208','20802','',NULL,'1','자율주행 플랫폼 팀','SJTP','SJTP','김강현 대리','박준호 대리','2024-12-01 21:09:08',NULL,NULL,'N'),('SW20210462','N/A','N/A','OZ Report','포시에스','1','1','1','2','208','20802','',NULL,'1','자율주행 플랫폼 팀','SJTP','SJTP','김강현 대리','박준호 대리','2024-12-01 21:09:08',NULL,NULL,'N'),('SW20210463','N/A','N/A','DEEP SDK ','N/A','1','1','1','2','208','20803','',NULL,'1','자율주행 플랫폼 팀','SJTP','SJTP','김강현 대리','박준호 대리','2024-12-01 21:09:08',NULL,NULL,'N'),('SW20210464','N/A','N/A','Waterwall Server','워터월시스템즈㈜','1','2','1','2','208','20804','',NULL,'1','자율주행 플랫폼 팀','SJTP','SJTP','김강현 대리','박준호 대리','2024-12-01 21:09:08',NULL,NULL,'N'),('SW20210465','N/A','N/A','Waterwall Console','워터월시스템즈㈜','1','2','1','2','208','20804','',NULL,'1','자율주행 플랫폼 팀','SJTP','SJTP','김강현 대리','박준호 대리','2024-12-01 21:09:08',NULL,NULL,'N'),('SW20210466','N/A','N/A','Waterwall Report ','워터월시스템즈㈜','1','2','1','2','208','20804','',NULL,'1','자율주행 플랫폼 팀','SJTP','SJTP','김강현 대리','박준호 대리','2024-12-01 21:09:08',NULL,NULL,'N'),('SW20210467','N/A','N/A','Waterwall Client','워터월시스템즈㈜','1','2','1','2','208','20804','',NULL,'1','자율주행 플랫폼 팀','SJTP','SJTP','김강현 대리','박준호 대리','2024-12-01 21:09:08',NULL,NULL,'N'),('SW20210468','N/A','N/A','Waterwall Client','워터월시스템즈㈜','1','2','1','2','208','20804','',NULL,'1','자율주행 플랫폼 팀','SJTP','SJTP','김강현 대리','박준호 대리','2024-12-01 21:09:08',NULL,NULL,'N'),('SW20210469','N/A','N/A','Waterwall Client','워터월시스템즈㈜','1','2','1','2','208','20804','',NULL,'1','자율주행 플랫폼 팀','SJTP','SJTP','김강현 대리','박준호 대리','2024-12-01 21:09:08',NULL,NULL,'N'),('SW20210470','N/A','N/A','Waterwall Client','워터월시스템즈㈜','1','2','1','2','208','20804','',NULL,'1','자율주행 플랫폼 팀','SJTP','SJTP','김강현 대리','박준호 대리','2024-12-01 21:09:08',NULL,NULL,'N'),('SW20210471','N/A','N/A','Waterwall Client','워터월시스템즈㈜','1','2','1','2','208','20804','',NULL,'1','자율주행 플랫폼 팀','SJTP','SJTP','김강현 대리','박준호 대리','2024-12-01 21:09:08',NULL,NULL,'N'),('SW20210472','N/A','N/A','Waterwall Client','워터월시스템즈㈜','1','2','1','2','208','20804','',NULL,'1','자율주행 플랫폼 팀','SJTP','SJTP','김강현 대리','박준호 대리','2024-12-01 21:09:08',NULL,NULL,'N'),('SW20210473','N/A','N/A','Waterwall Client','워터월시스템즈㈜','1','2','1','2','208','20804','',NULL,'1','자율주행 플랫폼 팀','SJTP','SJTP','김강현 대리','박준호 대리','2024-12-01 21:09:08',NULL,NULL,'N'),('SW20210474','N/A','N/A','Waterwall Client','워터월시스템즈㈜','1','2','1','2','208','20804','',NULL,'1','자율주행 플랫폼 팀','SJTP','SJTP','김강현 대리','박준호 대리','2024-12-01 21:09:08',NULL,NULL,'N'),('SW20210475','N/A','N/A','Waterwall Client','워터월시스템즈㈜','1','2','1','2','208','20804','',NULL,'1','자율주행 플랫폼 팀','SJTP','SJTP','김강현 대리','박준호 대리','2024-12-01 21:09:08',NULL,NULL,'N'),('SW20210476','N/A','N/A','Waterwall Client','워터월시스템즈㈜','1','2','1','2','208','20804','',NULL,'1','자율주행 플랫폼 팀','SJTP','SJTP','김강현 대리','박준호 대리','2024-12-01 21:09:08',NULL,NULL,'N'),('SW20210477','N/A','N/A','Waterwall Client','워터월시스템즈㈜','1','2','1','2','208','20804','',NULL,'1','자율주행 플랫폼 팀','SJTP','SJTP','김강현 대리','박준호 대리','2024-12-01 21:09:08',NULL,NULL,'N'),('SW20210478','N/A','N/A','Waterwall Client','워터월시스템즈㈜','1','2','1','2','208','20804','',NULL,'1','자율주행 플랫폼 팀','SJTP','SJTP','김강현 대리','박준호 대리','2024-12-01 21:09:08',NULL,NULL,'N'),('SW20210479','N/A','N/A','Waterwall Client','워터월시스템즈㈜','1','2','1','2','208','20804','',NULL,'1','자율주행 플랫폼 팀','SJTP','SJTP','김강현 대리','박준호 대리','2024-12-01 21:09:08',NULL,NULL,'N'),('SW20210480','N/A','N/A','Waterwall Client','워터월시스템즈㈜','1','2','1','2','208','20804','',NULL,'1','자율주행 플랫폼 팀','SJTP','SJTP','김강현 대리','박준호 대리','2024-12-01 21:09:08',NULL,NULL,'N'),('SW20210481','N/A','N/A','Waterwall Client','워터월시스템즈㈜','1','2','1','2','208','20804','',NULL,'1','자율주행 플랫폼 팀','SJTP','SJTP','김강현 대리','박준호 대리','2024-12-01 21:09:08',NULL,NULL,'N'),('SW20210482','N/A','N/A','Waterwall Client','워터월시스템즈㈜','1','2','1','2','208','20804','',NULL,'1','자율주행 플랫폼 팀','SJTP','SJTP','김강현 대리','박준호 대리','2024-12-01 21:09:08',NULL,NULL,'N'),('SW20210483','N/A','N/A','Waterwall Client','워터월시스템즈㈜','1','2','1','2','208','20804','',NULL,'1','자율주행 플랫폼 팀','SJTP','SJTP','김강현 대리','박준호 대리','2024-12-01 21:09:08',NULL,NULL,'N'),('SW20210484','N/A','N/A','Waterwall Client','워터월시스템즈㈜','1','2','1','2','208','20804','',NULL,'1','자율주행 플랫폼 팀','SJTP','SJTP','김강현 대리','박준호 대리','2024-12-01 21:09:08',NULL,NULL,'N'),('SW20210485','N/A','N/A','Waterwall Client','워터월시스템즈㈜','1','2','1','2','208','20804','',NULL,'1','자율주행 플랫폼 팀','SJTP','SJTP','김강현 대리','박준호 대리','2024-12-01 21:09:08',NULL,NULL,'N'),('SW20210486','N/A','N/A','Waterwall Client','워터월시스템즈㈜','1','2','1','2','208','20804','',NULL,'1','자율주행 플랫폼 팀','SJTP','SJTP','김강현 대리','박준호 대리','2024-12-01 21:09:08',NULL,NULL,'N'),('SW20210487','N/A','N/A','Waterwall Client','워터월시스템즈㈜','1','2','1','2','208','20804','',NULL,'1','자율주행 플랫폼 팀','SJTP','SJTP','김강현 대리','박준호 대리','2024-12-01 21:09:08',NULL,NULL,'N'),('SW20210488','N/A','N/A','Waterwall Client','워터월시스템즈㈜','1','2','1','2','208','20804','',NULL,'1','자율주행 플랫폼 팀','SJTP','SJTP','김강현 대리','박준호 대리','2024-12-01 21:09:08',NULL,NULL,'N'),('SW20210489','N/A','N/A','Waterwall Client','워터월시스템즈㈜','1','2','1','2','208','20804','',NULL,'1','자율주행 플랫폼 팀','SJTP','SJTP','김강현 대리','박준호 대리','2024-12-01 21:09:08',NULL,NULL,'N'),('SW20210490','N/A','N/A','Waterwall Client','워터월시스템즈㈜','1','2','1','2','208','20804','',NULL,'1','자율주행 플랫폼 팀','SJTP','SJTP','김강현 대리','박준호 대리','2024-12-01 21:09:08',NULL,NULL,'N'),('SW20210491','N/A','N/A','Waterwall Client','워터월시스템즈㈜','1','2','1','2','208','20804','',NULL,'1','자율주행 플랫폼 팀','SJTP','SJTP','김강현 대리','박준호 대리','2024-12-01 21:09:08',NULL,NULL,'N'),('SW20210492','N/A','N/A','Waterwall Client','워터월시스템즈㈜','1','2','1','2','208','20804','',NULL,'1','자율주행 플랫폼 팀','SJTP','SJTP','김강현 대리','박준호 대리','2024-12-01 21:09:08',NULL,NULL,'N'),('SW20210493','N/A','N/A','Waterwall Client','워터월시스템즈㈜','1','2','1','2','208','20804','',NULL,'1','자율주행 플랫폼 팀','SJTP','SJTP','김강현 대리','박준호 대리','2024-12-01 21:09:08',NULL,NULL,'N'),('SW20210494','N/A','N/A','Waterwall Client','워터월시스템즈㈜','1','2','1','2','208','20804','',NULL,'1','자율주행 플랫폼 팀','SJTP','SJTP','김강현 대리','박준호 대리','2024-12-01 21:09:08',NULL,NULL,'N'),('SW20210495','N/A','N/A','Waterwall Client','워터월시스템즈㈜','1','2','1','2','208','20804','',NULL,'1','자율주행 플랫폼 팀','SJTP','SJTP','김강현 대리','박준호 대리','2024-12-01 21:09:08',NULL,NULL,'N'),('SW20210496','N/A','N/A','Waterwall Client','워터월시스템즈㈜','1','2','1','2','208','20804','',NULL,'1','자율주행 플랫폼 팀','SJTP','SJTP','김강현 대리','박준호 대리','2024-12-01 21:09:08',NULL,NULL,'N');
/*!40000 ALTER TABLE `equipment_sw_basic` ENABLE KEYS */;
UNLOCK TABLES;

--
-- Table structure for table `equipment_sw_detail`
--

DROP TABLE IF EXISTS `equipment_sw_detail`;
/*!40101 SET @saved_cs_client     = @@character_set_client */;
/*!40101 SET character_set_client = utf8 */;
CREATE TABLE `equipment_sw_detail` (
  `eqp_manage_id` varchar(10) NOT NULL COMMENT '장비 관리번호',
  `OS` varchar(50) DEFAULT NULL COMMENT 'OS',
  `acquisition_cost` bigint(20) NOT NULL COMMENT '도입금액 (최대 1000억까지)',
  `amount` int(11) unsigned NOT NULL COMMENT '수량 (최대 1000까지)',
  `dbrain_number` varchar(20) NOT NULL COMMENT '디브레인번호',
  `LICENSE_NUMBER` varchar(100) DEFAULT NULL COMMENT '라이센스번호',
  `asset_acquisition_date` varchar(10) DEFAULT NULL COMMENT '자산취득일자',
  `asset_disposal_date` varchar(10) DEFAULT NULL COMMENT '자산폐기일자',
  `eol_status` varchar(10) DEFAULT NULL COMMENT '단종상태 EOL',
  `eos_status` varchar(10) DEFAULT NULL COMMENT '단종상태 EOS',
  PRIMARY KEY (`eqp_manage_id`),
  CONSTRAINT `equipment_sw_detail_ibfk_1` FOREIGN KEY (`eqp_manage_id`) REFERENCES `equipment_sw_basic` (`eqp_manage_id`)
) ENGINE=InnoDB DEFAULT CHARSET=utf8 COMMENT='SW 장비 상세정보';
/*!40101 SET character_set_client = @saved_cs_client */;

--
-- Dumping data for table `equipment_sw_detail`
--

LOCK TABLES `equipment_sw_detail` WRITE;
/*!40000 ALTER TABLE `equipment_sw_detail` DISABLE KEYS */;
INSERT INTO `equipment_sw_detail` VALUES ('SW20210001','7',0,2,'N/A','N/A','2021-10-21','9999-12-31','9999-12-31','9999-12-31'),('SW20210002','7',0,2,'N/A','N/A','2021-10-21','9999-12-31','9999-12-31','9999-12-31'),('SW20210003','7',0,2,'N/A','N/A','2021-10-21','9999-12-31','9999-12-31','9999-12-31'),('SW20210004','7',0,2,'N/A','N/A','2021-10-21','9999-12-31','9999-12-31','9999-12-31'),('SW20210005','7',0,2,'N/A','N/A','2021-10-21','9999-12-31','9999-12-31','9999-12-31'),('SW20210006','7',0,2,'N/A','N/A','2021-10-21','9999-12-31','9999-12-31','9999-12-31'),('SW20210007','7',0,2,'N/A','N/A','2021-10-21','9999-12-31','9999-12-31','9999-12-31'),('SW20210008','7',0,2,'N/A','N/A','2021-10-21','9999-12-31','9999-12-31','9999-12-31'),('SW20210009','7',0,2,'N/A','N/A','2021-10-21','9999-12-31','9999-12-31','9999-12-31'),('SW20210010','7',0,2,'N/A','N/A','2021-10-21','9999-12-31','9999-12-31','9999-12-31'),('SW20210011','7',0,2,'N/A','N/A','2021-10-21','9999-12-31','9999-12-31','9999-12-31'),('SW20210012','7',0,2,'N/A','N/A','2021-10-21','9999-12-31','9999-12-31','9999-12-31'),('SW20210013','7',0,2,'N/A','N/A','2021-10-21','9999-12-31','9999-12-31','9999-12-31'),('SW20210014','7',0,2,'N/A','N/A','2021-10-21','9999-12-31','9999-12-31','9999-12-31'),('SW20210015','7',0,2,'N/A','N/A','2021-10-21','9999-12-31','9999-12-31','9999-12-31'),('SW20210016','7',0,2,'N/A','N/A','2021-10-21','9999-12-31','9999-12-31','9999-12-31'),('SW20210017','7',0,2,'N/A','N/A','2021-10-21','9999-12-31','9999-12-31','9999-12-31'),('SW20210018','7',0,2,'N/A','N/A','2021-10-21','9999-12-31','9999-12-31','9999-12-31'),('SW20210019','7',0,2,'N/A','N/A','2021-10-21','9999-12-31','9999-12-31','9999-12-31'),('SW20210020','7',0,2,'N/A','N/A','2021-10-21','9999-12-31','9999-12-31','9999-12-31'),('SW20210021','7',0,2,'N/A','N/A','2021-10-21','9999-12-31','9999-12-31','9999-12-31'),('SW20210022','7',0,2,'N/A','N/A','2021-10-21','9999-12-31','9999-12-31','9999-12-31'),('SW20210023','7',0,2,'N/A','N/A','2021-10-21','9999-12-31','9999-12-31','9999-12-31'),('SW20210024','7',0,2,'N/A','N/A','2021-10-21','9999-12-31','9999-12-31','9999-12-31'),('SW20210025','7',0,2,'N/A','N/A','2021-10-21','9999-12-31','9999-12-31','9999-12-31'),('SW20210026','7',0,2,'N/A','N/A','2021-10-21','9999-12-31','9999-12-31','9999-12-31'),('SW20210027','7',0,2,'N/A','N/A','2021-10-21','9999-12-31','9999-12-31','9999-12-31'),('SW20210028','7',0,2,'N/A','N/A','2021-10-21','9999-12-31','9999-12-31','9999-12-31'),('SW20210029','7',0,2,'N/A','N/A','2021-10-21','9999-12-31','9999-12-31','9999-12-31'),('SW20210030','7',0,2,'N/A','N/A','2021-10-21','9999-12-31','9999-12-31','9999-12-31'),('SW20210031','7',0,2,'N/A','N/A','2021-10-21','9999-12-31','9999-12-31','9999-12-31'),('SW20210032','7',0,2,'N/A','N/A','2021-10-21','9999-12-31','9999-12-31','9999-12-31'),('SW20210033','7',0,2,'N/A','N/A','2021-10-21','9999-12-31','9999-12-31','9999-12-31'),('SW20210034','7',0,2,'N/A','N/A','2021-10-21','9999-12-31','9999-12-31','9999-12-31'),('SW20210035','7',0,2,'N/A','N/A','2021-10-21','9999-12-31','9999-12-31','9999-12-31'),('SW20210036','7',0,2,'N/A','N/A','2021-10-21','9999-12-31','9999-12-31','9999-12-31'),('SW20210037','7',0,2,'N/A','N/A','2021-10-21','9999-12-31','9999-12-31','9999-12-31'),('SW20210038','7',0,2,'N/A','N/A','2021-10-21','9999-12-31','9999-12-31','9999-12-31'),('SW20210039','7',0,2,'N/A','N/A','2021-10-21','9999-12-31','9999-12-31','9999-12-31'),('SW20210040','7',0,2,'N/A','N/A','2021-10-21','9999-12-31','9999-12-31','9999-12-31'),('SW20210041','7',0,2,'N/A','N/A','2021-10-21','9999-12-31','9999-12-31','9999-12-31'),('SW20210042','7',0,2,'N/A','N/A','2021-10-21','9999-12-31','9999-12-31','9999-12-31'),('SW20210043','7',0,2,'N/A','N/A','2021-10-21','9999-12-31','9999-12-31','9999-12-31'),('SW20210044','7',0,2,'N/A','N/A','2021-10-21','9999-12-31','9999-12-31','9999-12-31'),('SW20210045','7',0,2,'N/A','N/A','2021-10-21','9999-12-31','9999-12-31','9999-12-31'),('SW20210046','7',0,2,'N/A','N/A','2021-10-21','9999-12-31','9999-12-31','9999-12-31'),('SW20210047','7',0,2,'N/A','N/A','2021-10-21','9999-12-31','9999-12-31','9999-12-31'),('SW20210048','7',0,2,'N/A','N/A','2021-10-21','9999-12-31','9999-12-31','9999-12-31'),('SW20210049','7',0,2,'N/A','N/A','2021-10-21','9999-12-31','9999-12-31','9999-12-31'),('SW20210050','7',0,2,'N/A','N/A','2021-10-21','9999-12-31','9999-12-31','9999-12-31'),('SW20210051','7',0,2,'N/A','N/A','2021-10-21','9999-12-31','9999-12-31','9999-12-31'),('SW20210052','7',0,2,'N/A','N/A','2021-10-21','9999-12-31','9999-12-31','9999-12-31'),('SW20210053','7',0,2,'N/A','N/A','2021-10-21','9999-12-31','9999-12-31','9999-12-31'),('SW20210054','7',0,2,'N/A','N/A','2021-10-21','9999-12-31','9999-12-31','9999-12-31'),('SW20210055','7',0,2,'N/A','N/A','2021-10-21','9999-12-31','9999-12-31','9999-12-31'),('SW20210056','7',0,2,'N/A','N/A','2021-10-21','9999-12-31','9999-12-31','9999-12-31'),('SW20210057','7',0,2,'N/A','N/A','2021-10-21','9999-12-31','9999-12-31','9999-12-31'),('SW20210058','7',0,2,'N/A','N/A','2021-10-21','9999-12-31','9999-12-31','9999-12-31'),('SW20210059','7',0,2,'N/A','N/A','2021-10-21','9999-12-31','9999-12-31','9999-12-31'),('SW20210060','7',0,2,'N/A','N/A','2021-10-21','9999-12-31','9999-12-31','9999-12-31'),('SW20210061','7',0,2,'N/A','N/A','2021-10-21','9999-12-31','9999-12-31','9999-12-31'),('SW20210062','7',0,2,'N/A','N/A','2021-10-21','9999-12-31','9999-12-31','9999-12-31'),('SW20210063','7',0,2,'N/A','N/A','2021-10-21','9999-12-31','9999-12-31','9999-12-31'),('SW20210064','7',0,2,'N/A','N/A','2021-10-21','9999-12-31','9999-12-31','9999-12-31'),('SW20210065','7',0,2,'N/A','N/A','2021-10-21','9999-12-31','9999-12-31','9999-12-31'),('SW20210066','7',0,2,'N/A','N/A','2021-10-21','9999-12-31','9999-12-31','9999-12-31'),('SW20210067','7',0,2,'N/A','N/A','2021-10-21','9999-12-31','9999-12-31','9999-12-31'),('SW20210068','7',0,2,'N/A','N/A','2021-10-21','9999-12-31','9999-12-31','9999-12-31'),('SW20210069','7',0,2,'N/A','N/A','2021-10-21','9999-12-31','9999-12-31','9999-12-31'),('SW20210070','7',0,2,'N/A','N/A','2021-10-21','9999-12-31','9999-12-31','9999-12-31'),('SW20210071','7',0,2,'N/A','N/A','2021-10-21','9999-12-31','9999-12-31','9999-12-31'),('SW20210072','7',0,2,'N/A','N/A','2021-10-21','9999-12-31','9999-12-31','9999-12-31'),('SW20210073','7',0,2,'N/A','N/A','2021-10-21','9999-12-31','9999-12-31','9999-12-31'),('SW20210074','7',0,2,'N/A','N/A','2021-10-21','9999-12-31','9999-12-31','9999-12-31'),('SW20210075','7',0,2,'N/A','N/A','2021-10-21','9999-12-31','9999-12-31','9999-12-31'),('SW20210076','7',0,2,'N/A','N/A','2021-10-21','9999-12-31','9999-12-31','9999-12-31'),('SW20210077','7',0,2,'N/A','N/A','2021-10-21','9999-12-31','9999-12-31','9999-12-31'),('SW20210078','7',0,2,'N/A','N/A','2021-10-21','9999-12-31','9999-12-31','9999-12-31'),('SW20210079','7',0,2,'N/A','N/A','2021-10-21','9999-12-31','9999-12-31','9999-12-31'),('SW20210080','7',0,2,'N/A','N/A','2021-10-21','9999-12-31','9999-12-31','9999-12-31'),('SW20210081','7',0,2,'N/A','N/A','2021-10-21','9999-12-31','9999-12-31','9999-12-31'),('SW20210082','7',0,2,'N/A','N/A','2021-10-21','9999-12-31','9999-12-31','9999-12-31'),('SW20210083','7',0,2,'N/A','N/A','2021-10-21','9999-12-31','9999-12-31','9999-12-31'),('SW20210084','7',0,2,'N/A','N/A','2021-10-21','9999-12-31','9999-12-31','9999-12-31'),('SW20210085','7',0,2,'N/A','N/A','2021-10-21','9999-12-31','9999-12-31','9999-12-31'),('SW20210086','7',0,2,'N/A','N/A','2021-10-21','9999-12-31','9999-12-31','9999-12-31'),('SW20210087','7',0,2,'N/A','N/A','2021-10-21','9999-12-31','9999-12-31','9999-12-31'),('SW20210088','7',0,2,'N/A','N/A','2021-10-21','9999-12-31','9999-12-31','9999-12-31'),('SW20210089','7',0,2,'N/A','N/A','2021-10-21','9999-12-31','9999-12-31','9999-12-31'),('SW20210090','7',0,2,'N/A','N/A','2021-10-21','9999-12-31','9999-12-31','9999-12-31'),('SW20210091','7',0,2,'N/A','N/A','2021-10-21','9999-12-31','9999-12-31','9999-12-31'),('SW20210092','7',0,2,'N/A','N/A','2021-10-21','9999-12-31','9999-12-31','9999-12-31'),('SW20210093','7',0,2,'N/A','N/A','2021-10-21','9999-12-31','9999-12-31','9999-12-31'),('SW20210094','7',0,2,'N/A','N/A','2021-10-21','9999-12-31','9999-12-31','9999-12-31'),('SW20210095','7',0,2,'N/A','N/A','2021-10-21','9999-12-31','9999-12-31','9999-12-31'),('SW20210096','7',0,2,'N/A','N/A','2021-10-21','9999-12-31','9999-12-31','9999-12-31'),('SW20210097','7',0,2,'N/A','N/A','2021-10-21','9999-12-31','9999-12-31','9999-12-31'),('SW20210098','7',0,2,'N/A','N/A','2021-10-21','9999-12-31','9999-12-31','9999-12-31'),('SW20210099','7',0,2,'N/A','N/A','2021-10-21','9999-12-31','9999-12-31','9999-12-31'),('SW20210100','N/A',0,2,'N/A','N/A','2021-10-21','9999-12-31','9999-12-31','9999-12-31'),('SW20210101','N/A',0,2,'N/A','N/A','2021-10-21','9999-12-31','9999-12-31','9999-12-31'),('SW20210102','N/A',0,2,'N/A','N/A','2021-10-21','9999-12-31','9999-12-31','9999-12-31'),('SW20210103','N/A',0,2,'N/A','N/A','2021-10-21','9999-12-31','9999-12-31','9999-12-31'),('SW20210104','N/A',0,2,'N/A','N/A','2021-10-21','9999-12-31','9999-12-31','9999-12-31'),('SW20210105','N/A',0,2,'N/A','N/A','2021-10-21','9999-12-31','9999-12-31','9999-12-31'),('SW20210106','N/A',0,2,'N/A','N/A','2021-10-21','9999-12-31','9999-12-31','9999-12-31'),('SW20210107','N/A',0,2,'N/A','N/A','2021-10-21','9999-12-31','9999-12-31','9999-12-31'),('SW20210108','N/A',0,2,'N/A','N/A','2021-10-21','9999-12-31','9999-12-31','9999-12-31'),('SW20210109','N/A',0,2,'N/A','N/A','2021-10-21','9999-12-31','9999-12-31','9999-12-31'),('SW20210110','N/A',0,1,'N/A','N/A','2021-10-21','9999-12-31','9999-12-31','9999-12-31'),('SW20210111','N/A',0,1,'N/A','N/A','2021-10-21','9999-12-31','9999-12-31','9999-12-31'),('SW20210112','N/A',0,1,'N/A','N/A','2021-10-21','9999-12-31','9999-12-31','9999-12-31'),('SW20210113','N/A',0,1,'N/A','N/A','2021-10-21','9999-12-31','9999-12-31','9999-12-31'),('SW20210114','N/A',0,1,'N/A','N/A','2021-10-21','9999-12-31','9999-12-31','9999-12-31'),('SW20210115','N/A',0,1,'N/A','N/A','2021-10-21','9999-12-31','9999-12-31','9999-12-31'),('SW20210116','N/A',0,1,'N/A','N/A','2021-10-21','9999-12-31','9999-12-31','9999-12-31'),('SW20210117','N/A',0,1,'N/A','N/A','2021-10-21','9999-12-31','9999-12-31','9999-12-31'),('SW20210118','N/A',0,1,'N/A','N/A','2021-10-21','9999-12-31','9999-12-31','9999-12-31'),('SW20210119','N/A',0,1,'N/A','N/A','2021-10-21','9999-12-31','9999-12-31','9999-12-31'),('SW20210120','N/A',0,1,'N/A','N/A','2021-10-21','9999-12-31','9999-12-31','9999-12-31'),('SW20210121','N/A',0,1,'N/A','N/A','2021-10-21','9999-12-31','9999-12-31','9999-12-31'),('SW20210122','N/A',0,1,'N/A','N/A','2021-10-21','9999-12-31','9999-12-31','9999-12-31'),('SW20210123','N/A',0,1,'N/A','N/A','2021-10-21','9999-12-31','9999-12-31','9999-12-31'),('SW20210124','N/A',0,1,'N/A','N/A','2021-10-21','9999-12-31','9999-12-31','9999-12-31'),('SW20210125','N/A',0,1,'N/A','N/A','2021-10-21','9999-12-31','9999-12-31','9999-12-31'),('SW20210126','N/A',0,1,'N/A','N/A','2021-10-21','9999-12-31','9999-12-31','9999-12-31'),('SW20210127','N/A',0,1,'N/A','N/A','2021-10-21','9999-12-31','9999-12-31','9999-12-31'),('SW20210128','N/A',0,1,'N/A','N/A','2021-10-21','9999-12-31','9999-12-31','9999-12-31'),('SW20210129','N/A',0,1,'N/A','N/A','2021-10-21','9999-12-31','9999-12-31','9999-12-31'),('SW20210130','N/A',0,1,'N/A','N/A','2021-10-21','9999-12-31','9999-12-31','9999-12-31'),('SW20210131','N/A',0,1,'N/A','N/A','2021-10-21','9999-12-31','9999-12-31','9999-12-31'),('SW20210132','N/A',0,1,'N/A','N/A','2021-10-21','9999-12-31','9999-12-31','9999-12-31'),('SW20210133','N/A',0,1,'N/A','N/A','2021-10-21','9999-12-31','9999-12-31','9999-12-31'),('SW20210134','N/A',0,1,'N/A','N/A','2021-10-21','9999-12-31','9999-12-31','9999-12-31'),('SW20210135','N/A',0,1,'N/A','N/A','2021-10-21','9999-12-31','9999-12-31','9999-12-31'),('SW20210136','N/A',0,1,'N/A','N/A','2021-10-21','9999-12-31','9999-12-31','9999-12-31'),('SW20210137','N/A',0,1,'N/A','N/A','2021-10-21','9999-12-31','9999-12-31','9999-12-31'),('SW20210138','N/A',0,1,'N/A','N/A','2021-10-21','9999-12-31','9999-12-31','9999-12-31'),('SW20210139','N/A',0,1,'N/A','N/A','2021-10-21','9999-12-31','9999-12-31','9999-12-31'),('SW20210140','N/A',0,1,'N/A','N/A','2021-10-21','9999-12-31','9999-12-31','9999-12-31'),('SW20210141','N/A',0,1,'N/A','N/A','2021-10-21','9999-12-31','9999-12-31','9999-12-31'),('SW20210142','N/A',0,1,'N/A','N/A','2021-10-21','9999-12-31','9999-12-31','9999-12-31'),('SW20210143','N/A',0,1,'N/A','N/A','2021-10-21','9999-12-31','9999-12-31','9999-12-31'),('SW20210144','N/A',0,1,'N/A','N/A','2021-10-21','9999-12-31','9999-12-31','9999-12-31'),('SW20210145','N/A',0,1,'N/A','N/A','2021-10-21','9999-12-31','9999-12-31','9999-12-31'),('SW20210146','N/A',0,1,'N/A','N/A','2021-10-21','9999-12-31','9999-12-31','9999-12-31'),('SW20210147','N/A',0,1,'N/A','N/A','2021-10-21','9999-12-31','9999-12-31','9999-12-31'),('SW20210148','10.2.31-1',0,1,'N/A','N/A','2021-10-21','9999-12-31','9999-12-31','9999-12-31'),('SW20210149','N/A',0,1,'N/A','N/A','2021-10-21','9999-12-31','9999-12-31','9999-12-31'),('SW20210150','N/A',0,1,'N/A','N/A','2021-10-21','9999-12-31','9999-12-31','9999-12-31'),('SW20210151','N/A',0,1,'N/A','N/A','2021-10-21','9999-12-31','9999-12-31','9999-12-31'),('SW20210152','N/A',0,1,'N/A','N/A','2021-10-21','9999-12-31','9999-12-31','9999-12-31'),('SW20210153','N/A',0,1,'N/A','N/A','2021-10-21','9999-12-31','9999-12-31','9999-12-31'),('SW20210154','N/A',0,1,'N/A','N/A','2021-10-21','9999-12-31','9999-12-31','9999-12-31'),('SW20210155','N/A',0,1,'N/A','N/A','2021-10-21','9999-12-31','9999-12-31','9999-12-31'),('SW20210156','N/A',0,1,'N/A','N/A','2021-10-21','9999-12-31','9999-12-31','9999-12-31'),('SW20210157','N/A',0,1,'N/A','N/A','2021-10-21','9999-12-31','9999-12-31','9999-12-31'),('SW20210158','N/A',0,1,'N/A','N/A','2021-10-21','9999-12-31','9999-12-31','9999-12-31'),('SW20210159','N/A',0,1,'N/A','N/A','2021-10-21','9999-12-31','9999-12-31','9999-12-31'),('SW20210160','N/A',0,1,'N/A','N/A','2021-10-21','9999-12-31','9999-12-31','9999-12-31'),('SW20210161','N/A',0,1,'N/A','N/A','2021-10-21','9999-12-31','9999-12-31','9999-12-31'),('SW20210162','N/A',0,1,'N/A','N/A','2021-10-21','9999-12-31','9999-12-31','9999-12-31'),('SW20210163','N/A',0,1,'N/A','N/A','2021-10-21','9999-12-31','9999-12-31','9999-12-31'),('SW20210164','N/A',0,1,'N/A','N/A','2021-10-21','9999-12-31','9999-12-31','9999-12-31'),('SW20210165','N/A',0,1,'N/A','N/A','2021-10-21','9999-12-31','9999-12-31','9999-12-31'),('SW20210166','N/A',0,1,'N/A','N/A','2021-10-21','9999-12-31','9999-12-31','9999-12-31'),('SW20210167','N/A',0,1,'N/A','N/A','2021-10-21','9999-12-31','9999-12-31','9999-12-31'),('SW20210168','N/A',0,1,'N/A','N/A','2021-10-21','9999-12-31','9999-12-31','9999-12-31'),('SW20210169','N/A',0,1,'N/A','N/A','2021-10-21','9999-12-31','9999-12-31','9999-12-31'),('SW20210170','N/A',0,1,'N/A','N/A','2021-10-21','9999-12-31','9999-12-31','9999-12-31'),('SW20210171','N/A',0,1,'N/A','N/A','2021-10-21','9999-12-31','9999-12-31','9999-12-31'),('SW20210172','N/A',0,1,'N/A','N/A','2021-10-21','9999-12-31','9999-12-31','9999-12-31'),('SW20210173','N/A',0,1,'N/A','N/A','2021-10-21','9999-12-31','9999-12-31','9999-12-31'),('SW20210174','N/A',0,1,'N/A','N/A','2021-10-21','9999-12-31','9999-12-31','9999-12-31'),('SW20210175','N/A',0,1,'N/A','N/A','2021-10-21','9999-12-31','9999-12-31','9999-12-31'),('SW20210176','N/A',0,1,'N/A','N/A','2021-10-21','9999-12-31','9999-12-31','9999-12-31'),('SW20210177','N/A',0,1,'N/A','N/A','2021-10-21','9999-12-31','9999-12-31','9999-12-31'),('SW20210178','N/A',0,1,'N/A','N/A','2021-10-21','9999-12-31','9999-12-31','9999-12-31'),('SW20210179','N/A',0,1,'N/A','N/A','2021-10-21','9999-12-31','9999-12-31','9999-12-31'),('SW20210180','N/A',0,1,'N/A','N/A','2021-10-21','9999-12-31','9999-12-31','9999-12-31'),('SW20210181','N/A',0,1,'N/A','N/A','2021-10-21','9999-12-31','9999-12-31','9999-12-31'),('SW20210182','N/A',0,1,'N/A','N/A','2021-10-21','9999-12-31','9999-12-31','9999-12-31'),('SW20210183','N/A',0,1,'N/A','N/A','2021-10-21','9999-12-31','9999-12-31','9999-12-31'),('SW20210184','N/A',0,1,'N/A','N/A','2021-10-21','9999-12-31','9999-12-31','9999-12-31'),('SW20210185','N/A',0,1,'N/A','N/A','2021-10-21','9999-12-31','9999-12-31','9999-12-31'),('SW20210186','N/A',0,1,'N/A','N/A','2021-10-21','9999-12-31','9999-12-31','9999-12-31'),('SW20210187','v2.0',0,1,'N/A','N/A','2021-10-21','9999-12-31','9999-12-31','9999-12-31'),('SW20210188','N/A',0,1,'N/A','N/A','2021-10-21','9999-12-31','9999-12-31','9999-12-31'),('SW20210189','UDP 7',0,1,'N/A','N/A','2021-10-21','9999-12-31','9999-12-31','9999-12-31'),('SW20210190','v4.0',0,1,'N/A','N/A','2021-10-21','9999-12-31','9999-12-31','9999-12-31'),('SW20210191','SecuveTOS 5.0',0,1,'N/A','N/A','2021-10-21','9999-12-31','9999-12-31','9999-12-31'),('SW20210192','SecuveTOS 5.0',0,1,'N/A','N/A','2021-10-21','9999-12-31','9999-12-31','9999-12-31'),('SW20210193','SecuveTOS 5.0',0,1,'N/A','N/A','2021-10-21','9999-12-31','9999-12-31','9999-12-31'),('SW20210194','SecuveTOS 5.0',0,1,'N/A','N/A','2021-10-21','9999-12-31','9999-12-31','9999-12-31'),('SW20210195','SecuveTOS 5.0',0,1,'N/A','N/A','2021-10-21','9999-12-31','9999-12-31','9999-12-31'),('SW20210196','SecuveTOS 5.0',0,1,'N/A','N/A','2021-10-21','9999-12-31','9999-12-31','9999-12-31'),('SW20210197','SecuveTOS 5.0',0,1,'N/A','N/A','2021-10-21','9999-12-31','9999-12-31','9999-12-31'),('SW20210198','SecuveTOS 5.0',0,1,'N/A','N/A','2021-10-21','9999-12-31','9999-12-31','9999-12-31'),('SW20210199','SecuveTOS 5.0',0,1,'N/A','N/A','2021-10-21','9999-12-31','9999-12-31','9999-12-31'),('SW20210200','SecuveTOS 5.0',0,1,'N/A','N/A','2021-10-21','9999-12-31','9999-12-31','9999-12-31'),('SW20210201','SecuveTOS 5.0',0,1,'N/A','N/A','2021-10-21','9999-12-31','9999-12-31','9999-12-31'),('SW20210202','SecuveTOS 5.0',0,1,'N/A','N/A','2021-10-21','9999-12-31','9999-12-31','9999-12-31'),('SW20210203','SecuveTOS 5.0',0,1,'N/A','N/A','2021-10-21','9999-12-31','9999-12-31','9999-12-31'),('SW20210204','SecuveTOS 5.0',0,1,'N/A','N/A','2021-10-21','9999-12-31','9999-12-31','9999-12-31'),('SW20210205','SecuveTOS 5.0',0,1,'N/A','N/A','2021-10-21','9999-12-31','9999-12-31','9999-12-31'),('SW20210206','SecuveTOS 5.0',0,1,'N/A','N/A','2021-10-21','9999-12-31','9999-12-31','9999-12-31'),('SW20210207','SecuveTOS 5.0',0,1,'N/A','N/A','2021-10-21','9999-12-31','9999-12-31','9999-12-31'),('SW20210208','SecuveTOS 5.0',0,1,'N/A','N/A','2021-10-21','9999-12-31','9999-12-31','9999-12-31'),('SW20210209','SecuveTOS 5.0',0,1,'N/A','N/A','2021-10-21','9999-12-31','9999-12-31','9999-12-31'),('SW20210210','SecuveTOS 5.0',0,1,'N/A','N/A','2021-10-21','9999-12-31','9999-12-31','9999-12-31'),('SW20210211','SecuveTOS 5.0',0,1,'N/A','N/A','2021-10-21','9999-12-31','9999-12-31','9999-12-31'),('SW20210212','SecuveTOS 5.0',0,1,'N/A','N/A','2021-10-21','9999-12-31','9999-12-31','9999-12-31'),('SW20210213','SecuveTOS 5.0',0,1,'N/A','N/A','2021-10-21','9999-12-31','9999-12-31','9999-12-31'),('SW20210214','SecuveTOS 5.0',0,1,'N/A','N/A','2021-10-21','9999-12-31','9999-12-31','9999-12-31'),('SW20210215','SecuveTOS 5.0',0,1,'N/A','N/A','2021-10-21','9999-12-31','9999-12-31','9999-12-31'),('SW20210216','SecuveTOS 5.0',0,1,'N/A','N/A','2021-10-21','9999-12-31','9999-12-31','9999-12-31'),('SW20210217','SecuveTOS 5.0',0,1,'N/A','N/A','2021-10-21','9999-12-31','9999-12-31','9999-12-31'),('SW20210218','SecuveTOS 5.0',0,1,'N/A','N/A','2021-10-21','9999-12-31','9999-12-31','9999-12-31'),('SW20210219','SecuveTOS 5.0',0,1,'N/A','N/A','2021-10-21','9999-12-31','9999-12-31','9999-12-31'),('SW20210220','SecuveTOS 5.0',0,1,'N/A','N/A','2021-10-21','9999-12-31','9999-12-31','9999-12-31'),('SW20210221','SecuveTOS 5.0',0,1,'N/A','N/A','2021-10-21','9999-12-31','9999-12-31','9999-12-31'),('SW20210222','SecuveTOS 5.0',0,1,'N/A','N/A','2021-10-21','9999-12-31','9999-12-31','9999-12-31'),('SW20210223','SecuveTOS 5.0',0,1,'N/A','N/A','2021-10-21','9999-12-31','9999-12-31','9999-12-31'),('SW20210224','SecuveTOS 5.0',0,1,'N/A','N/A','2021-10-21','9999-12-31','9999-12-31','9999-12-31'),('SW20210225','SecuveTOS 5.0',0,1,'N/A','N/A','2021-10-21','9999-12-31','9999-12-31','9999-12-31'),('SW20210226','SecuveTOS 5.0',0,1,'N/A','N/A','2021-10-21','9999-12-31','9999-12-31','9999-12-31'),('SW20210227','SecuveTOS 5.0',0,1,'N/A','N/A','2021-10-21','9999-12-31','9999-12-31','9999-12-31'),('SW20210228','SecuveTOS 5.0',0,1,'N/A','N/A','2021-10-21','9999-12-31','9999-12-31','9999-12-31'),('SW20210229','SecuveTOS 5.0',0,1,'N/A','N/A','2021-10-21','9999-12-31','9999-12-31','9999-12-31'),('SW20210230','SecuveTOS 5.0',0,1,'N/A','N/A','2021-10-21','9999-12-31','9999-12-31','9999-12-31'),('SW20210231','SecuveTOS 5.0',0,1,'N/A','N/A','2021-10-21','9999-12-31','9999-12-31','9999-12-31'),('SW20210232','SecuveTOS 5.0',0,1,'N/A','N/A','2021-10-21','9999-12-31','9999-12-31','9999-12-31'),('SW20210233','SecuveTOS 5.0',0,1,'N/A','N/A','2021-10-21','9999-12-31','9999-12-31','9999-12-31'),('SW20210234','SecuveTOS 5.0',0,1,'N/A','N/A','2021-10-21','9999-12-31','9999-12-31','9999-12-31'),('SW20210235','SecuveTOS 5.0',0,1,'N/A','N/A','2021-10-21','9999-12-31','9999-12-31','9999-12-31'),('SW20210236','SecuveTOS 5.0',0,1,'N/A','N/A','2021-10-21','9999-12-31','9999-12-31','9999-12-31'),('SW20210237','SecuveTOS 5.0',0,1,'N/A','N/A','2021-10-21','9999-12-31','9999-12-31','9999-12-31'),('SW20210238','SecuveTOS 5.0',0,1,'N/A','N/A','2021-10-21','9999-12-31','9999-12-31','9999-12-31'),('SW20210239','SecuveTOS 5.0',0,1,'N/A','N/A','2021-10-21','9999-12-31','9999-12-31','9999-12-31'),('SW20210240','SecuveTOS 5.0',0,1,'N/A','N/A','2021-10-21','9999-12-31','9999-12-31','9999-12-31'),('SW20210241','SecuveTOS 5.0',0,1,'N/A','N/A','2021-10-21','9999-12-31','9999-12-31','9999-12-31'),('SW20210242','SecuveTOS 5.0',0,1,'N/A','N/A','2021-10-21','9999-12-31','9999-12-31','9999-12-31'),('SW20210243','SecuveTOS 5.0',0,1,'N/A','N/A','2021-10-21','9999-12-31','9999-12-31','9999-12-31'),('SW20210244','SecuveTOS 5.0',0,1,'N/A','N/A','2021-10-21','9999-12-31','9999-12-31','9999-12-31'),('SW20210245','SecuveTOS 5.0',0,1,'N/A','N/A','2021-10-21','9999-12-31','9999-12-31','9999-12-31'),('SW20210246','SecuveTOS 5.0',0,1,'N/A','N/A','2021-10-21','9999-12-31','9999-12-31','9999-12-31'),('SW20210247','SecuveTOS 5.0',0,1,'N/A','N/A','2021-10-21','9999-12-31','9999-12-31','9999-12-31'),('SW20210248','SecuveTOS 5.0',0,1,'N/A','N/A','2021-10-21','9999-12-31','9999-12-31','9999-12-31'),('SW20210249','SecuveTOS 5.0',0,1,'N/A','N/A','2021-10-21','9999-12-31','9999-12-31','9999-12-31'),('SW20210250','SecuveTOS 5.0',0,1,'N/A','N/A','2021-10-21','9999-12-31','9999-12-31','9999-12-31'),('SW20210251','SecuveTOS 5.0',0,1,'N/A','N/A','2021-10-21','9999-12-31','9999-12-31','9999-12-31'),('SW20210252','SecuveTOS 5.0',0,1,'N/A','N/A','2021-10-21','9999-12-31','9999-12-31','9999-12-31'),('SW20210253','SecuveTOS 5.0',0,1,'N/A','N/A','2021-10-21','9999-12-31','9999-12-31','9999-12-31'),('SW20210254','SecuveTOS 5.0',0,1,'N/A','N/A','2021-10-21','9999-12-31','9999-12-31','9999-12-31'),('SW20210255','SecuveTOS 5.0',0,1,'N/A','N/A','2021-10-21','9999-12-31','9999-12-31','9999-12-31'),('SW20210256','SecuveTOS 5.0',0,1,'N/A','N/A','2021-10-21','9999-12-31','9999-12-31','9999-12-31'),('SW20210257','SecuveTOS 5.0',0,1,'N/A','N/A','2021-10-21','9999-12-31','9999-12-31','9999-12-31'),('SW20210258','SecuveTOS 5.0',0,1,'N/A','N/A','2021-10-21','9999-12-31','9999-12-31','9999-12-31'),('SW20210259','SecuveTOS 5.0',0,1,'N/A','N/A','2021-10-21','9999-12-31','9999-12-31','9999-12-31'),('SW20210260','SecuveTOS 5.0',0,1,'N/A','N/A','2021-10-21','9999-12-31','9999-12-31','9999-12-31'),('SW20210261','SecuveTOS 5.0',0,1,'N/A','N/A','2021-10-21','9999-12-31','9999-12-31','9999-12-31'),('SW20210262','SecuveTOS 5.0',0,1,'N/A','N/A','2021-10-21','9999-12-31','9999-12-31','9999-12-31'),('SW20210263','SecuveTOS 5.0',0,1,'N/A','N/A','2021-10-21','9999-12-31','9999-12-31','9999-12-31'),('SW20210264','SecuveTOS 5.0',0,1,'N/A','N/A','2021-10-21','9999-12-31','9999-12-31','9999-12-31'),('SW20210265','SecuveTOS 5.0',0,1,'N/A','N/A','2021-10-21','9999-12-31','9999-12-31','9999-12-31'),('SW20210266','SecuveTOS 5.0',0,1,'N/A','N/A','2021-10-21','9999-12-31','9999-12-31','9999-12-31'),('SW20210267','SecuveTOS 5.0',0,1,'N/A','N/A','2021-10-21','9999-12-31','9999-12-31','9999-12-31'),('SW20210268','SecuveTOS 5.0',0,1,'N/A','N/A','2021-10-21','9999-12-31','9999-12-31','9999-12-31'),('SW20210269','SecuveTOS 5.0',0,1,'N/A','N/A','2021-10-21','9999-12-31','9999-12-31','9999-12-31'),('SW20210270','SecuveTOS 5.0',0,1,'N/A','N/A','2021-10-21','9999-12-31','9999-12-31','9999-12-31'),('SW20210271','SecuveTOS 5.0',0,1,'N/A','N/A','2021-10-21','9999-12-31','9999-12-31','9999-12-31'),('SW20210272','SecuveTOS 5.0',0,1,'N/A','N/A','2021-10-21','9999-12-31','9999-12-31','9999-12-31'),('SW20210273','SecuveTOS 5.0',0,1,'N/A','N/A','2021-10-21','9999-12-31','9999-12-31','9999-12-31'),('SW20210274','SecuveTOS 5.0',0,1,'N/A','N/A','2021-10-21','9999-12-31','9999-12-31','9999-12-31'),('SW20210275','SecuveTOS 5.0',0,1,'N/A','N/A','2021-10-21','9999-12-31','9999-12-31','9999-12-31'),('SW20210276','SecuveTOS 5.0',0,1,'N/A','N/A','2021-10-21','9999-12-31','9999-12-31','9999-12-31'),('SW20210277','SecuveTOS 5.0',0,1,'N/A','N/A','2021-10-21','9999-12-31','9999-12-31','9999-12-31'),('SW20210278','SecuveTOS 5.0',0,1,'N/A','N/A','2021-10-21','9999-12-31','9999-12-31','9999-12-31'),('SW20210279','SecuveTOS 5.0',0,1,'N/A','N/A','2021-10-21','9999-12-31','9999-12-31','9999-12-31'),('SW20210280','SecuveTOS 5.0',0,1,'N/A','N/A','2021-10-21','9999-12-31','9999-12-31','9999-12-31'),('SW20210281','SecuveTOS 5.0',0,1,'N/A','N/A','2021-10-21','9999-12-31','9999-12-31','9999-12-31'),('SW20210282','SecuveTOS 5.0',0,1,'N/A','N/A','2021-10-21','9999-12-31','9999-12-31','9999-12-31'),('SW20210283','SecuveTOS 5.0',0,1,'N/A','N/A','2021-10-21','9999-12-31','9999-12-31','9999-12-31'),('SW20210284','SecuveTOS 5.0',0,1,'N/A','N/A','2021-10-21','9999-12-31','9999-12-31','9999-12-31'),('SW20210285','SecuveTOS 5.0',0,1,'N/A','N/A','2021-10-21','9999-12-31','9999-12-31','9999-12-31'),('SW20210286','SecuveTOS 5.0',0,1,'N/A','N/A','2021-10-21','9999-12-31','9999-12-31','9999-12-31'),('SW20210287','SecuveTOS 5.0',0,1,'N/A','N/A','2021-10-21','9999-12-31','9999-12-31','9999-12-31'),('SW20210288','SecuveTOS 5.0',0,1,'N/A','N/A','2021-10-21','9999-12-31','9999-12-31','9999-12-31'),('SW20210289','SecuveTOS 5.0',0,1,'N/A','N/A','2021-10-21','9999-12-31','9999-12-31','9999-12-31'),('SW20210290','N/A',0,1,'N/A','N/A','2021-10-21','9999-12-31','9999-12-31','9999-12-31'),('SW20210291','N/A',0,1,'N/A','N/A','2021-10-21','9999-12-31','9999-12-31','9999-12-31'),('SW20210292','PETRA V4.1',0,1,'N/A','N/A','2021-10-21','9999-12-31','9999-12-31','9999-12-31'),('SW20210293','N/A',0,1,'N/A','4GSP-9643-WAK7-47Q5','2021-10-21','9999-12-31','9999-12-31','9999-12-31'),('SW20210294','N/A',0,1,'N/A','4GSP-9643-WAK7-47Q5','2021-10-21','9999-12-31','9999-12-31','9999-12-31'),('SW20210295','N/A',0,1,'N/A','4GSP-9643-WAK7-47Q5','2021-10-21','9999-12-31','9999-12-31','9999-12-31'),('SW20210296','2.0 ',0,1,'N/A','4GSP-9643-WAK7-47Q5','2021-10-21','9999-12-31','9999-12-31','9999-12-31'),('SW20210297','2.0 ',0,1,'N/A','4GSP-9643-WAK7-47Q5','2021-10-21','9999-12-31','9999-12-31','9999-12-31'),('SW20210298','2.0 ',0,1,'N/A','4GSP-9643-WAK7-47Q5','2021-10-21','9999-12-31','9999-12-31','9999-12-31'),('SW20210299','2.0 ',0,1,'N/A','4GSP-9643-WAK7-47Q5','2021-10-21','9999-12-31','9999-12-31','9999-12-31'),('SW20210300','2.0 ',0,1,'N/A','4GSP-9643-WAK7-47Q5','2021-10-21','9999-12-31','9999-12-31','9999-12-31'),('SW20210301','2.0 ',0,1,'N/A','4GSP-9643-WAK7-47Q5','2021-10-21','9999-12-31','9999-12-31','9999-12-31'),('SW20210302','2.0 ',0,1,'N/A','4GSP-9643-WAK7-47Q5','2021-10-21','9999-12-31','9999-12-31','9999-12-31'),('SW20210303','2.0 ',0,1,'N/A','4GSP-9643-WAK7-47Q5','2021-10-21','9999-12-31','9999-12-31','9999-12-31'),('SW20210304','2.0 ',0,1,'N/A','4GSP-9643-WAK7-47Q5','2021-10-21','9999-12-31','9999-12-31','9999-12-31'),('SW20210305','2.0 ',0,1,'N/A','4GSP-9643-WAK7-47Q5','2021-10-21','9999-12-31','9999-12-31','9999-12-31'),('SW20210306','2.0 ',0,1,'N/A','4GSP-9643-WAK7-47Q5','2021-10-21','9999-12-31','9999-12-31','9999-12-31'),('SW20210307','2.0 ',0,1,'N/A','4GSP-9643-WAK7-47Q5','2021-10-21','9999-12-31','9999-12-31','9999-12-31'),('SW20210308','2.0 ',0,1,'N/A','4GSP-9643-WAK7-47Q5','2021-10-21','9999-12-31','9999-12-31','9999-12-31'),('SW20210309','2.0 ',0,1,'N/A','4GSP-9643-WAK7-47Q5','2021-10-21','9999-12-31','9999-12-31','9999-12-31'),('SW20210310','2.0 ',0,1,'N/A','4GSP-9643-WAK7-47Q5','2021-10-21','9999-12-31','9999-12-31','9999-12-31'),('SW20210311','2.0 ',0,1,'N/A','4GSP-9643-WAK7-47Q5','2021-10-21','9999-12-31','9999-12-31','9999-12-31'),('SW20210312','2.0 ',0,1,'N/A','4GSP-9643-WAK7-47Q5','2021-10-21','9999-12-31','9999-12-31','9999-12-31'),('SW20210313','2.0 ',0,1,'N/A','4GSP-9643-WAK7-47Q5','2021-10-21','9999-12-31','9999-12-31','9999-12-31'),('SW20210314','2.0 ',0,1,'N/A','4GSP-9643-WAK7-47Q5','2021-10-21','9999-12-31','9999-12-31','9999-12-31'),('SW20210315','2.0 ',0,1,'N/A','4GSP-9643-WAK7-47Q5','2021-10-21','9999-12-31','9999-12-31','9999-12-31'),('SW20210316','2.0 ',0,1,'N/A','4GSP-9643-WAK7-47Q5','2021-10-21','9999-12-31','9999-12-31','9999-12-31'),('SW20210317','2.0 ',0,1,'N/A','4GSP-9643-WAK7-47Q5','2021-10-21','9999-12-31','9999-12-31','9999-12-31'),('SW20210318','2.0 ',0,1,'N/A','4GSP-9643-WAK7-47Q5','2021-10-21','9999-12-31','9999-12-31','9999-12-31'),('SW20210319','2.0 ',0,1,'N/A','4GSP-9643-WAK7-47Q5','2021-10-21','9999-12-31','9999-12-31','9999-12-31'),('SW20210320','2.0 ',0,1,'N/A','4GSP-9643-WAK7-47Q5','2021-10-21','9999-12-31','9999-12-31','9999-12-31'),('SW20210321','2.0 ',0,1,'N/A','4GSP-9643-WAK7-47Q5','2021-10-21','9999-12-31','9999-12-31','9999-12-31'),('SW20210322','2.0 ',0,1,'N/A','4GSP-9643-WAK7-47Q5','2021-10-21','9999-12-31','9999-12-31','9999-12-31'),('SW20210323','5.1',0,1,'N/A','4GSP-9643-WAK7-47Q5','2021-10-21','9999-12-31','9999-12-31','9999-12-31'),('SW20210324','5.1',0,1,'N/A','4GSP-9643-WAK7-47Q5','2021-10-21','9999-12-31','9999-12-31','9999-12-31'),('SW20210325','5.1',0,1,'N/A','4GSP-9643-WAK7-47Q5','2021-10-21','9999-12-31','9999-12-31','9999-12-31'),('SW20210326','5.1',0,1,'N/A','4GSP-9643-WAK7-47Q5','2021-10-21','9999-12-31','9999-12-31','9999-12-31'),('SW20210327','5.1',0,1,'N/A','4GSP-9643-WAK7-47Q5','2021-10-21','9999-12-31','9999-12-31','9999-12-31'),('SW20210328','5.1',0,1,'N/A','4GSP-9643-WAK7-47Q5','2021-10-21','9999-12-31','9999-12-31','9999-12-31'),('SW20210329','5.1',0,1,'N/A','4GSP-9643-WAK7-47Q5','2021-10-21','9999-12-31','9999-12-31','9999-12-31'),('SW20210330','5.1',0,1,'N/A','4GSP-9643-WAK7-47Q5','2021-10-21','9999-12-31','9999-12-31','9999-12-31'),('SW20210331','5.1',0,1,'N/A','4GSP-9643-WAK7-47Q5','2021-10-21','9999-12-31','9999-12-31','9999-12-31'),('SW20210332','5.1',0,1,'N/A','4GSP-9643-WAK7-47Q5','2021-10-21','9999-12-31','9999-12-31','9999-12-31'),('SW20210333','5.1',0,1,'N/A','4GSP-9643-WAK7-47Q5','2021-10-21','9999-12-31','9999-12-31','9999-12-31'),('SW20210334','5.1',0,1,'N/A','4GSP-9643-WAK7-47Q5','2021-10-21','9999-12-31','9999-12-31','9999-12-31'),('SW20210335','5.1',0,1,'N/A','4GSP-9643-WAK7-47Q5','2021-10-21','9999-12-31','9999-12-31','9999-12-31'),('SW20210336','5.1',0,1,'N/A','4GSP-9643-WAK7-47Q5','2021-10-21','9999-12-31','9999-12-31','9999-12-31'),('SW20210337','5.1',0,1,'N/A','4GSP-9643-WAK7-47Q5','2021-10-21','9999-12-31','9999-12-31','9999-12-31'),('SW20210338','5.1',0,1,'N/A','4GSP-9643-WAK7-47Q5','2021-10-21','9999-12-31','9999-12-31','9999-12-31'),('SW20210339','5.1',0,1,'N/A','4GSP-9643-WAK7-47Q5','2021-10-21','9999-12-31','9999-12-31','9999-12-31'),('SW20210340','5.1',0,1,'N/A','4GSP-9643-WAK7-47Q5','2021-10-21','9999-12-31','9999-12-31','9999-12-31'),('SW20210341','5.1',0,1,'N/A','4GSP-9643-WAK7-47Q5','2021-10-21','9999-12-31','9999-12-31','9999-12-31'),('SW20210342','5.1',0,1,'N/A','4GSP-9643-WAK7-47Q5','2021-10-21','9999-12-31','9999-12-31','9999-12-31'),('SW20210343','5.1',0,1,'N/A','4GSP-9643-WAK7-47Q5','2021-10-21','9999-12-31','9999-12-31','9999-12-31'),('SW20210344','5.1',0,1,'N/A','4GSP-9643-WAK7-47Q5','2021-10-21','9999-12-31','9999-12-31','9999-12-31'),('SW20210345','5.1',0,1,'N/A','4GSP-9643-WAK7-47Q5','2021-10-21','9999-12-31','9999-12-31','9999-12-31'),('SW20210346','5.1',0,1,'N/A','4GSP-9643-WAK7-47Q5','2021-10-21','9999-12-31','9999-12-31','9999-12-31'),('SW20210347','5.1',0,1,'N/A','4GSP-9643-WAK7-47Q5','2021-10-21','9999-12-31','9999-12-31','9999-12-31'),('SW20210348','5.1',0,1,'N/A','4GSP-9643-WAK7-47Q5','2021-10-21','9999-12-31','9999-12-31','9999-12-31'),('SW20210349','5.1',0,1,'N/A','4GSP-9643-WAK7-47Q5','2021-10-21','9999-12-31','9999-12-31','9999-12-31'),('SW20210350','5.1',0,1,'N/A','4GSP-9643-WAK7-47Q5','2021-10-21','9999-12-31','9999-12-31','9999-12-31'),('SW20210351','5.1',0,1,'N/A','4GSP-9643-WAK7-47Q5','2021-10-21','9999-12-31','9999-12-31','9999-12-31'),('SW20210352','5.1',0,1,'N/A','4GSP-9643-WAK7-47Q5','2021-10-21','9999-12-31','9999-12-31','9999-12-31'),('SW20210353','N/A',0,1,'N/A','4GSP-9643-WAK7-47Q5','2021-10-21','9999-12-31','9999-12-31','9999-12-31'),('SW20210354','N/A',0,1,'N/A','4GSP-9643-WAK7-47Q5','2021-10-21','9999-12-31','9999-12-31','9999-12-31'),('SW20210355','N/A',0,1,'N/A','4GSP-9643-WAK7-47Q5','2021-10-21','9999-12-31','9999-12-31','9999-12-31'),('SW20210356','N/A',0,1,'N/A','4GSP-9643-WAK7-47Q5','2021-10-21','9999-12-31','9999-12-31','9999-12-31'),('SW20210357','N/A',0,1,'N/A','4GSP-9643-WAK7-47Q5','2021-10-21','9999-12-31','9999-12-31','9999-12-31'),('SW20210358','N/A',0,1,'N/A','4GSP-9643-WAK7-47Q5','2021-10-21','9999-12-31','9999-12-31','9999-12-31'),('SW20210359','N/A',0,1,'N/A','4GSP-9643-WAK7-47Q5','2021-10-21','9999-12-31','9999-12-31','9999-12-31'),('SW20210360','N/A',0,1,'N/A','4GSP-9643-WAK7-47Q5','2021-10-21','9999-12-31','9999-12-31','9999-12-31'),('SW20210361','N/A',0,1,'N/A','4GSP-9643-WAK7-47Q5','2021-10-21','9999-12-31','9999-12-31','9999-12-31'),('SW20210362','N/A',0,1,'N/A','4GSP-9643-WAK7-47Q5','2021-10-21','9999-12-31','9999-12-31','9999-12-31'),('SW20210363','N/A',0,1,'N/A','4GSP-9643-WAK7-47Q5','2021-10-21','9999-12-31','9999-12-31','9999-12-31'),('SW20210364','N/A',0,1,'N/A','4GSP-9643-WAK7-47Q5','2021-10-21','9999-12-31','9999-12-31','9999-12-31'),('SW20210365','N/A',0,1,'N/A','4GSP-9643-WAK7-47Q5','2021-10-21','9999-12-31','9999-12-31','9999-12-31'),('SW20210366','N/A',0,1,'N/A','4GSP-9643-WAK7-47Q5','2021-10-21','9999-12-31','9999-12-31','9999-12-31'),('SW20210367','N/A',0,1,'N/A','4GSP-9643-WAK7-47Q5','2021-10-21','9999-12-31','9999-12-31','9999-12-31'),('SW20210368','N/A',0,1,'N/A','4GSP-9643-WAK7-47Q5','2021-10-21','9999-12-31','9999-12-31','9999-12-31'),('SW20210369','N/A',0,1,'N/A','4GSP-9643-WAK7-47Q5','2021-10-21','9999-12-31','9999-12-31','9999-12-31'),('SW20210370','N/A',0,1,'N/A','4GSP-9643-WAK7-47Q5','2021-10-21','9999-12-31','9999-12-31','9999-12-31'),('SW20210371','N/A',0,1,'N/A','4GSP-9643-WAK7-47Q5','2021-10-21','9999-12-31','9999-12-31','9999-12-31'),('SW20210372','N/A',0,1,'N/A','4GSP-9643-WAK7-47Q5','2021-10-21','9999-12-31','9999-12-31','9999-12-31'),('SW20210373','N/A',0,1,'N/A','4GSP-9643-WAK7-47Q5','2021-10-21','9999-12-31','9999-12-31','9999-12-31'),('SW20210374','N/A',0,1,'N/A','4GSP-9643-WAK7-47Q5','2021-10-21','9999-12-31','9999-12-31','9999-12-31'),('SW20210375','N/A',0,1,'N/A','4GSP-9643-WAK7-47Q5','2021-10-21','9999-12-31','9999-12-31','9999-12-31'),('SW20210376','N/A',0,1,'N/A','4GSP-9643-WAK7-47Q5','2021-10-21','9999-12-31','9999-12-31','9999-12-31'),('SW20210377','N/A',0,1,'N/A','4GSP-9643-WAK7-47Q5','2021-10-21','9999-12-31','9999-12-31','9999-12-31'),('SW20210378','N/A',0,1,'N/A','4GSP-9643-WAK7-47Q5','2021-10-21','9999-12-31','9999-12-31','9999-12-31'),('SW20210379','N/A',0,1,'N/A','4GSP-9643-WAK7-47Q5','2021-10-21','9999-12-31','9999-12-31','9999-12-31'),('SW20210380','N/A',0,1,'N/A','4GSP-9643-WAK7-47Q5','2021-10-21','9999-12-31','9999-12-31','9999-12-31'),('SW20210381','N/A',0,1,'N/A','4GSP-9643-WAK7-47Q5','2021-10-21','9999-12-31','9999-12-31','9999-12-31'),('SW20210382','N/A',0,1,'N/A','4GSP-9643-WAK7-47Q5','2021-10-21','9999-12-31','9999-12-31','9999-12-31'),('SW20210383','N/A',0,1,'N/A','4GSP-9643-WAK7-47Q5','2021-10-21','9999-12-31','9999-12-31','9999-12-31'),('SW20210384','N/A',0,1,'N/A','4GSP-9643-WAK7-47Q5','2021-10-21','9999-12-31','9999-12-31','9999-12-31'),('SW20210385','N/A',0,1,'N/A','4GSP-9643-WAK7-47Q5','2021-10-21','9999-12-31','9999-12-31','9999-12-31'),('SW20210386','N/A',0,1,'N/A','4GSP-9643-WAK7-47Q5','2021-10-21','9999-12-31','9999-12-31','9999-12-31'),('SW20210387','N/A',0,1,'N/A','4GSP-9643-WAK7-47Q5','2021-10-21','9999-12-31','9999-12-31','9999-12-31'),('SW20210388','N/A',0,1,'N/A','4GSP-9643-WAK7-47Q5','2021-10-21','9999-12-31','9999-12-31','9999-12-31'),('SW20210389','N/A',0,1,'N/A','4GSP-9643-WAK7-47Q5','2021-10-21','9999-12-31','9999-12-31','9999-12-31'),('SW20210390','N/A',0,1,'N/A','4GSP-9643-WAK7-47Q5','2021-10-21','9999-12-31','9999-12-31','9999-12-31'),('SW20210391','N/A',0,1,'N/A','4GSP-9643-WAK7-47Q5','2021-10-21','9999-12-31','9999-12-31','9999-12-31'),('SW20210392','N/A',0,1,'N/A','4GSP-9643-WAK7-47Q5','2021-10-21','9999-12-31','9999-12-31','9999-12-31'),('SW20210393','N/A',0,1,'N/A','4GSP-9643-WAK7-47Q5','2021-10-21','9999-12-31','9999-12-31','9999-12-31'),('SW20210394','N/A',0,1,'N/A','4GSP-9643-WAK7-47Q5','2021-10-21','9999-12-31','9999-12-31','9999-12-31'),('SW20210395','N/A',0,1,'N/A','4GSP-9643-WAK7-47Q5','2021-10-21','9999-12-31','9999-12-31','9999-12-31'),('SW20210396','N/A',0,1,'N/A','4GSP-9643-WAK7-47Q5','2021-10-21','9999-12-31','9999-12-31','9999-12-31'),('SW20210397','N/A',0,1,'N/A','4GSP-9643-WAK7-47Q5','2021-10-21','9999-12-31','9999-12-31','9999-12-31'),('SW20210398','N/A',0,1,'N/A','4GSP-9643-WAK7-47Q5','2021-10-21','9999-12-31','9999-12-31','9999-12-31'),('SW20210399','N/A',0,1,'N/A','4GSP-9643-WAK7-47Q5','2021-10-21','9999-12-31','9999-12-31','9999-12-31'),('SW20210400','N/A',0,1,'N/A','4GSP-9643-WAK7-47Q5','2021-10-21','9999-12-31','9999-12-31','9999-12-31'),('SW20210401','N/A',0,1,'N/A','4GSP-9643-WAK7-47Q5','2021-10-21','9999-12-31','9999-12-31','9999-12-31'),('SW20210402','N/A',0,1,'N/A','4GSP-9643-WAK7-47Q5','2021-10-21','9999-12-31','9999-12-31','9999-12-31'),('SW20210403','N/A',0,1,'N/A','4GSP-9643-WAK7-47Q5','2021-10-21','9999-12-31','9999-12-31','9999-12-31'),('SW20210404','N/A',0,1,'N/A','4GSP-9643-WAK7-47Q5','2021-10-21','9999-12-31','9999-12-31','9999-12-31'),('SW20210405','N/A',0,1,'N/A','4GSP-9643-WAK7-47Q5','2021-10-21','9999-12-31','9999-12-31','9999-12-31'),('SW20210406','N/A',0,1,'N/A','4GSP-9643-WAK7-47Q5','2021-10-21','9999-12-31','9999-12-31','9999-12-31'),('SW20210407','N/A',0,1,'N/A','4GSP-9643-WAK7-47Q5','2021-10-21','9999-12-31','9999-12-31','9999-12-31'),('SW20210408','N/A',0,1,'N/A','4GSP-9643-WAK7-47Q5','2021-10-21','9999-12-31','9999-12-31','9999-12-31'),('SW20210409','N/A',0,1,'N/A','4GSP-9643-WAK7-47Q5','2021-10-21','9999-12-31','9999-12-31','9999-12-31'),('SW20210410','N/A',0,1,'N/A','4GSP-9643-WAK7-47Q5','2021-10-21','9999-12-31','9999-12-31','9999-12-31'),('SW20210411','N/A',0,1,'N/A','4GSP-9643-WAK7-47Q5','2021-10-21','9999-12-31','9999-12-31','9999-12-31'),('SW20210412','N/A',0,1,'N/A','4GSP-9643-WAK7-47Q5','2021-10-21','9999-12-31','9999-12-31','9999-12-31'),('SW20210413','N/A',0,1,'N/A','4GSP-9643-WAK7-47Q5','2021-10-21','9999-12-31','9999-12-31','9999-12-31'),('SW20210414','N/A',0,1,'N/A','4GSP-9643-WAK7-47Q5','2021-10-21','9999-12-31','9999-12-31','9999-12-31'),('SW20210415','N/A',0,1,'N/A','4GSP-9643-WAK7-47Q5','2021-10-21','9999-12-31','9999-12-31','9999-12-31'),('SW20210416','N/A',0,1,'N/A','4GSP-9643-WAK7-47Q5','2021-10-21','9999-12-31','9999-12-31','9999-12-31'),('SW20210417','N/A',0,1,'N/A','4GSP-9643-WAK7-47Q5','2021-10-21','9999-12-31','9999-12-31','9999-12-31'),('SW20210418','N/A',0,1,'N/A','4GSP-9643-WAK7-47Q5','2021-10-21','9999-12-31','9999-12-31','9999-12-31'),('SW20210419','N/A',0,1,'N/A','4GSP-9643-WAK7-47Q5','2021-10-21','9999-12-31','9999-12-31','9999-12-31'),('SW20210420','N/A',0,1,'N/A','4GSP-9643-WAK7-47Q5','2021-10-21','9999-12-31','9999-12-31','9999-12-31'),('SW20210421','N/A',0,1,'N/A','4GSP-9643-WAK7-47Q5','2021-10-21','9999-12-31','9999-12-31','9999-12-31'),('SW20210422','N/A',0,1,'N/A','4GSP-9643-WAK7-47Q5','2021-10-21','9999-12-31','9999-12-31','9999-12-31'),('SW20210423','N/A',0,1,'N/A','4GSP-9643-WAK7-47Q5','2021-10-21','9999-12-31','9999-12-31','9999-12-31'),('SW20210424','N/A',0,1,'N/A','4GSP-9643-WAK7-47Q5','2021-10-21','9999-12-31','9999-12-31','9999-12-31'),('SW20210425','N/A',0,1,'N/A','4GSP-9643-WAK7-47Q5','2021-10-21','9999-12-31','9999-12-31','9999-12-31'),('SW20210426','N/A',0,1,'N/A','4GSP-9643-WAK7-47Q5','2021-10-21','9999-12-31','9999-12-31','9999-12-31'),('SW20210427','N/A',0,1,'N/A','4GSP-9643-WAK7-47Q5','2021-10-21','9999-12-31','9999-12-31','9999-12-31'),('SW20210428','N/A',0,1,'N/A','4GSP-9643-WAK7-47Q5','2021-10-21','9999-12-31','9999-12-31','9999-12-31'),('SW20210429','N/A',0,1,'N/A','4GSP-9643-WAK7-47Q5','2021-10-21','9999-12-31','9999-12-31','9999-12-31'),('SW20210430','N/A',0,1,'N/A','4GSP-9643-WAK7-47Q5','2021-10-21','9999-12-31','9999-12-31','9999-12-31'),('SW20210431','N/A',0,1,'N/A','4GSP-9643-WAK7-47Q5','2021-10-21','9999-12-31','9999-12-31','9999-12-31'),('SW20210432','N/A',0,1,'N/A','4GSP-9643-WAK7-47Q5','2021-10-21','9999-12-31','9999-12-31','9999-12-31'),('SW20210433','N/A',0,1,'N/A','4GSP-9643-WAK7-47Q5','2021-10-21','9999-12-31','9999-12-31','9999-12-31'),('SW20210434','N/A',0,1,'N/A','4GSP-9643-WAK7-47Q5','2021-10-21','9999-12-31','9999-12-31','9999-12-31'),('SW20210435','N/A',0,1,'N/A','4GSP-9643-WAK7-47Q5','2021-10-21','9999-12-31','9999-12-31','9999-12-31'),('SW20210436','N/A',0,1,'N/A','4GSP-9643-WAK7-47Q5','2021-10-21','9999-12-31','9999-12-31','9999-12-31'),('SW20210437','N/A',0,1,'N/A','4GSP-9643-WAK7-47Q5','2021-10-21','9999-12-31','9999-12-31','9999-12-31'),('SW20210438','N/A',0,1,'N/A','4GSP-9643-WAK7-47Q5','2021-10-21','9999-12-31','9999-12-31','9999-12-31'),('SW20210439','N/A',0,1,'N/A','4GSP-9643-WAK7-47Q5','2021-10-21','9999-12-31','9999-12-31','9999-12-31'),('SW20210440','N/A',0,1,'N/A','4GSP-9643-WAK7-47Q5','2021-10-21','9999-12-31','9999-12-31','9999-12-31'),('SW20210441','N/A',0,1,'N/A','4GSP-9643-WAK7-47Q5','2021-10-21','9999-12-31','9999-12-31','9999-12-31'),('SW20210442','N/A',0,1,'N/A','4GSP-9643-WAK7-47Q5','2021-10-21','9999-12-31','9999-12-31','9999-12-31'),('SW20210443','N/A',0,1,'N/A','4GSP-9643-WAK7-47Q5','2021-10-21','9999-12-31','9999-12-31','9999-12-31'),('SW20210444','N/A',0,1,'N/A','4GSP-9643-WAK7-47Q5','2021-10-21','9999-12-31','9999-12-31','9999-12-31'),('SW20210445','N/A',0,1,'N/A','4GSP-9643-WAK7-47Q5','2021-10-21','9999-12-31','9999-12-31','9999-12-31'),('SW20210446','N/A',0,1,'N/A','4GSP-9643-WAK7-47Q5','2021-10-21','9999-12-31','9999-12-31','9999-12-31'),('SW20210447','N/A',0,1,'N/A','4GSP-9643-WAK7-47Q5','2021-10-21','9999-12-31','9999-12-31','9999-12-31'),('SW20210448','N/A',0,1,'N/A','4GSP-9643-WAK7-47Q5','2021-10-21','9999-12-31','9999-12-31','9999-12-31'),('SW20210449','N/A',0,1,'N/A','4GSP-9643-WAK7-47Q5','2021-10-21','9999-12-31','9999-12-31','9999-12-31'),('SW20210450','N/A',0,1,'N/A','4GSP-9643-WAK7-47Q5','2021-10-21','9999-12-31','9999-12-31','9999-12-31'),('SW20210451','N/A',0,1,'N/A','4GSP-9643-WAK7-47Q5','2021-10-21','9999-12-31','9999-12-31','9999-12-31'),('SW20210452','N/A',0,1,'N/A','4GSP-9643-WAK7-47Q5','2021-10-21','9999-12-31','9999-12-31','9999-12-31'),('SW20210453','N/A',0,1,'N/A','N/A','2021-10-21','9999-12-31','9999-12-31','9999-12-31'),('SW20210454','N/A',0,1,'N/A','N/A','2021-10-21','9999-12-31','9999-12-31','9999-12-31'),('SW20210455','N/A',0,1,'N/A','N/A','2021-10-21','9999-12-31','9999-12-31','9999-12-31'),('SW20210456','N/A',0,1,'N/A','N/A','2021-10-21','9999-12-31','9999-12-31','9999-12-31'),('SW20210457','v3.5',0,1,'N/A','N/A','2021-10-21','9999-12-31','9999-12-31','9999-12-31'),('SW20210458','N/A',0,1,'N/A','N/A','2021-10-21','9999-12-31','9999-12-31','9999-12-31'),('SW20210459','N/A',0,1,'N/A','N/A','2021-10-21','9999-12-31','9999-12-31','9999-12-31'),('SW20210460','N/A',0,1,'N/A','N/A','2021-10-21','9999-12-31','9999-12-31','9999-12-31'),('SW20210461','N/A',0,1,'N/A','N/A','2021-10-21','9999-12-31','9999-12-31','9999-12-31'),('SW20210462','v8',0,1,'N/A','N/A','2021-10-21','9999-12-31','9999-12-31','9999-12-31'),('SW20210463','N/A',0,1,'N/A','N/A','2021-10-21','9999-12-31','9999-12-31','9999-12-31'),('SW20210464','ww-ser-v5.0 ',0,1,'N/A','23D8-8248-4CBA-C522-02EA','2021-10-21','9999-12-31','9999-12-31','9999-12-31'),('SW20210465','ww-csl-v5.0',0,1,'N/A','23D8-8248-4CBA-C522-02EA','2021-10-21','9999-12-31','9999-12-31','9999-12-31'),('SW20210466','ww-rep-v5.0',0,1,'N/A','23D8-8248-4CBA-C522-02EA','2021-10-21','9999-12-31','9999-12-31','9999-12-31'),('SW20210467','ww-clt100-win-v5.0',0,1,'N/A','23D8-8248-4CBA-C522-02EA','2021-10-21','9999-12-31','9999-12-31','9999-12-31'),('SW20210468','ww-clt100-win-v5.0',0,1,'N/A','23D8-8248-4CBA-C522-02EA','2021-10-21','9999-12-31','9999-12-31','9999-12-31'),('SW20210469','ww-clt100-win-v5.0',0,1,'N/A','23D8-8248-4CBA-C522-02EA','2021-10-21','9999-12-31','9999-12-31','9999-12-31'),('SW20210470','ww-clt100-win-v5.0',0,1,'N/A','23D8-8248-4CBA-C522-02EA','2021-10-21','9999-12-31','9999-12-31','9999-12-31'),('SW20210471','ww-clt100-win-v5.0',0,1,'N/A','23D8-8248-4CBA-C522-02EA','2021-10-21','9999-12-31','9999-12-31','9999-12-31'),('SW20210472','ww-clt100-win-v5.0',0,1,'N/A','23D8-8248-4CBA-C522-02EA','2021-10-21','9999-12-31','9999-12-31','9999-12-31'),('SW20210473','ww-clt100-win-v5.0',0,1,'N/A','23D8-8248-4CBA-C522-02EA','2021-10-21','9999-12-31','9999-12-31','9999-12-31'),('SW20210474','ww-clt100-win-v5.0',0,1,'N/A','23D8-8248-4CBA-C522-02EA','2021-10-21','9999-12-31','9999-12-31','9999-12-31'),('SW20210475','ww-clt100-win-v5.0',0,1,'N/A','23D8-8248-4CBA-C522-02EA','2021-10-21','9999-12-31','9999-12-31','9999-12-31'),('SW20210476','ww-clt100-win-v5.0',0,1,'N/A','23D8-8248-4CBA-C522-02EA','2021-10-21','9999-12-31','9999-12-31','9999-12-31'),('SW20210477','ww-clt100-win-v5.0',0,1,'N/A','23D8-8248-4CBA-C522-02EA','2021-10-21','9999-12-31','9999-12-31','9999-12-31'),('SW20210478','ww-clt100-win-v5.0',0,1,'N/A','23D8-8248-4CBA-C522-02EA','2021-10-21','9999-12-31','9999-12-31','9999-12-31'),('SW20210479','ww-clt100-win-v5.0',0,1,'N/A','23D8-8248-4CBA-C522-02EA','2021-10-21','9999-12-31','9999-12-31','9999-12-31'),('SW20210480','ww-clt100-win-v5.0',0,1,'N/A','23D8-8248-4CBA-C522-02EA','2021-10-21','9999-12-31','9999-12-31','9999-12-31'),('SW20210481','ww-clt100-win-v5.0',0,1,'N/A','23D8-8248-4CBA-C522-02EA','2021-10-21','9999-12-31','9999-12-31','9999-12-31'),('SW20210482','ww-clt100-win-v5.0',0,1,'N/A','23D8-8248-4CBA-C522-02EA','2021-10-21','9999-12-31','9999-12-31','9999-12-31'),('SW20210483','ww-clt100-win-v5.0',0,1,'N/A','23D8-8248-4CBA-C522-02EA','2021-10-21','9999-12-31','9999-12-31','9999-12-31'),('SW20210484','ww-clt100-win-v5.0',0,1,'N/A','23D8-8248-4CBA-C522-02EA','2021-10-21','9999-12-31','9999-12-31','9999-12-31'),('SW20210485','ww-clt100-win-v5.0',0,1,'N/A','23D8-8248-4CBA-C522-02EA','2021-10-21','9999-12-31','9999-12-31','9999-12-31'),('SW20210486','ww-clt100-win-v5.0',0,1,'N/A','23D8-8248-4CBA-C522-02EA','2021-10-21','9999-12-31','9999-12-31','9999-12-31'),('SW20210487','ww-clt100-win-v5.0',0,1,'N/A','23D8-8248-4CBA-C522-02EA','2021-10-21','9999-12-31','9999-12-31','9999-12-31'),('SW20210488','ww-clt100-win-v5.0',0,1,'N/A','23D8-8248-4CBA-C522-02EA','2021-10-21','9999-12-31','9999-12-31','9999-12-31'),('SW20210489','ww-clt100-win-v5.0',0,1,'N/A','23D8-8248-4CBA-C522-02EA','2021-10-21','9999-12-31','9999-12-31','9999-12-31'),('SW20210490','ww-clt100-win-v5.0',0,1,'N/A','23D8-8248-4CBA-C522-02EA','2021-10-21','9999-12-31','9999-12-31','9999-12-31'),('SW20210491','ww-clt100-win-v5.0',0,1,'N/A','23D8-8248-4CBA-C522-02EA','2021-10-21','9999-12-31','9999-12-31','9999-12-31'),('SW20210492','ww-clt100-win-v5.0',0,1,'N/A','23D8-8248-4CBA-C522-02EA','2021-10-21','9999-12-31','9999-12-31','9999-12-31'),('SW20210493','ww-clt100-win-v5.0',0,1,'N/A','23D8-8248-4CBA-C522-02EA','2021-10-21','9999-12-31','9999-12-31','9999-12-31'),('SW20210494','ww-clt100-win-v5.0',0,1,'N/A','23D8-8248-4CBA-C522-02EA','2021-10-21','9999-12-31','9999-12-31','9999-12-31'),('SW20210495','ww-clt100-win-v5.0',0,1,'N/A','23D8-8248-4CBA-C522-02EA','2021-10-21','9999-12-31','9999-12-31','9999-12-31'),('SW20210496','ww-clt100-win-v5.0',0,1,'N/A','23D8-8248-4CBA-C522-02EA','2021-10-21','9999-12-31','9999-12-31','9999-12-31');
/*!40000 ALTER TABLE `equipment_sw_detail` ENABLE KEYS */;
UNLOCK TABLES;

--
-- Temporary table structure for view `equipment_view`
--

DROP TABLE IF EXISTS `equipment_view`;
/*!50001 DROP VIEW IF EXISTS `equipment_view`*/;
SET @saved_cs_client     = @@character_set_client;
SET character_set_client = utf8;
/*!50001 CREATE TABLE `equipment_view` (
  `hw_cnt` tinyint NOT NULL,
  `sw_cnt` tinyint NOT NULL
) ENGINE=MyISAM */;
SET character_set_client = @saved_cs_client;

--
-- Table structure for table `group`
--

DROP TABLE IF EXISTS `group`;
/*!40101 SET @saved_cs_client     = @@character_set_client */;
/*!40101 SET character_set_client = utf8 */;
CREATE TABLE `group` (
  `group_idx` int(11) NOT NULL AUTO_INCREMENT COMMENT '그룹 id',
  `group_name` varchar(50) DEFAULT NULL COMMENT '그룹명',
  PRIMARY KEY (`group_idx`)
) ENGINE=InnoDB AUTO_INCREMENT=4 DEFAULT CHARSET=utf8 COMMENT='사용자 그룹';
/*!40101 SET character_set_client = @saved_cs_client */;

--
-- Dumping data for table `group`
--

LOCK TABLES `group` WRITE;
/*!40000 ALTER TABLE `group` DISABLE KEYS */;
INSERT INTO `group` VALUES (1,'관리자'),(2,'일반 사용자');
/*!40000 ALTER TABLE `group` ENABLE KEYS */;
UNLOCK TABLES;

--
-- Table structure for table `line_basic`
--

DROP TABLE IF EXISTS `line_basic`;
/*!40101 SET @saved_cs_client     = @@character_set_client */;
/*!40101 SET character_set_client = utf8 */;
CREATE TABLE `line_basic` (
  `line_manage_id` varchar(14) NOT NULL COMMENT '선번장 관리번호(포설년도월일-포설일련번호 1~9999)',
  `start_eqp_id` varchar(10) DEFAULT NULL COMMENT '출발지 장비 관리번호',
  `end_eqp_id` varchar(10) DEFAULT NULL COMMENT '목적지 장비 관리번호',
  `line_speed` varchar(10) DEFAULT NULL COMMENT '회선 속도',
  `line_category` varchar(10) DEFAULT NULL COMMENT '회선 구분',
  `line_color` varchar(10) DEFAULT NULL COMMENT '회선 색상',
  `start_eqp_port` varchar(30) DEFAULT NULL COMMENT '출발지 포트번호',
  `end_eqp_port` varchar(30) DEFAULT NULL COMMENT '목적지 포트번호',
  `installation_year` varchar(10) DEFAULT NULL COMMENT '선번장 포설년도',
  `qr_image_location` varchar(1000) DEFAULT NULL COMMENT 'qr image 경로',
  `created_at` datetime DEFAULT NULL COMMENT '생성일',
  `updated_at` datetime DEFAULT NULL COMMENT '수정일',
  `is_deleted` varchar(1) DEFAULT NULL COMMENT '삭제여부',
  PRIMARY KEY (`line_manage_id`),
  KEY `line_basic_ibfk_1` (`start_eqp_id`),
  KEY `line_basic_ibfk_2` (`end_eqp_id`),
  CONSTRAINT `line_basic_ibfk_1` FOREIGN KEY (`start_eqp_id`) REFERENCES `equipment_basic` (`eqp_manage_id`),
  CONSTRAINT `line_basic_ibfk_2` FOREIGN KEY (`end_eqp_id`) REFERENCES `equipment_basic` (`eqp_manage_id`)
) ENGINE=InnoDB DEFAULT CHARSET=utf8 COMMENT='선번장 기본정보';
/*!40101 SET character_set_client = @saved_cs_client */;

--
-- Dumping data for table `line_basic`
--

LOCK TABLES `line_basic` WRITE;
/*!40000 ALTER TABLE `line_basic` DISABLE KEYS */;
/*!40000 ALTER TABLE `line_basic` ENABLE KEYS */;
UNLOCK TABLES;

--
-- Table structure for table `line_category`
--

DROP TABLE IF EXISTS `line_category`;
/*!40101 SET @saved_cs_client     = @@character_set_client */;
/*!40101 SET character_set_client = utf8 */;
CREATE TABLE `line_category` (
  `idx` int(11) NOT NULL AUTO_INCREMENT,
  `category` varchar(30) DEFAULT NULL COMMENT '회선분류',
  PRIMARY KEY (`idx`)
) ENGINE=InnoDB AUTO_INCREMENT=39 DEFAULT CHARSET=utf8 COMMENT='선번장 회선분류';
/*!40101 SET character_set_client = @saved_cs_client */;

--
-- Dumping data for table `line_category`
--

LOCK TABLES `line_category` WRITE;
/*!40000 ALTER TABLE `line_category` DISABLE KEYS */;
INSERT INTO `line_category` VALUES (1,'광'),(2,'UTP');
/*!40000 ALTER TABLE `line_category` ENABLE KEYS */;
UNLOCK TABLES;

--
-- Table structure for table `line_category2`
--

DROP TABLE IF EXISTS `line_category2`;
/*!40101 SET @saved_cs_client     = @@character_set_client */;
/*!40101 SET character_set_client = utf8 */;
CREATE TABLE `line_category2` (
  `idx` int(11) NOT NULL AUTO_INCREMENT,
  `category` varchar(30) DEFAULT NULL COMMENT '회선분류',
  PRIMARY KEY (`idx`)
) ENGINE=InnoDB AUTO_INCREMENT=41 DEFAULT CHARSET=utf8 COMMENT='선번장 회선분류';
/*!40101 SET character_set_client = @saved_cs_client */;

--
-- Dumping data for table `line_category2`
--

LOCK TABLES `line_category2` WRITE;
/*!40000 ALTER TABLE `line_category2` DISABLE KEYS */;
INSERT INTO `line_category2` VALUES (1,'광'),(2,'UTF');
/*!40000 ALTER TABLE `line_category2` ENABLE KEYS */;
UNLOCK TABLES;

--
-- Table structure for table `line_speed`
--

DROP TABLE IF EXISTS `line_speed`;
/*!40101 SET @saved_cs_client     = @@character_set_client */;
/*!40101 SET character_set_client = utf8 */;
CREATE TABLE `line_speed` (
  `idx` int(11) NOT NULL AUTO_INCREMENT,
  `speed` varchar(30) DEFAULT NULL COMMENT '회선속도',
  `color` varchar(30) DEFAULT NULL COMMENT '회선색상',
  PRIMARY KEY (`idx`)
) ENGINE=InnoDB AUTO_INCREMENT=42 DEFAULT CHARSET=utf8 COMMENT='선번장 회선속도';
/*!40101 SET character_set_client = @saved_cs_client */;

--
-- Dumping data for table `line_speed`
--

LOCK TABLES `line_speed` WRITE;
/*!40000 ALTER TABLE `line_speed` DISABLE KEYS */;
INSERT INTO `line_speed` VALUES (1,'1G','빨강'),(2,'10G','파랑'),(3,'100G','초록');
/*!40000 ALTER TABLE `line_speed` ENABLE KEYS */;
UNLOCK TABLES;

--
-- Table structure for table `menu`
--

DROP TABLE IF EXISTS `menu`;
/*!40101 SET @saved_cs_client     = @@character_set_client */;
/*!40101 SET character_set_client = utf8 */;
CREATE TABLE `menu` (
  `menu_id` varchar(15) NOT NULL COMMENT '메뉴 ID',
  `parent_menu_id` varchar(15) DEFAULT NULL COMMENT '상위 메뉴 ID',
  `menu_name` varchar(30) NOT NULL COMMENT '메뉴 이름',
  `menu_role` varchar(100) NOT NULL COMMENT '시큐리티 엔드포인트 규칙',
  `url` varchar(100) NOT NULL COMMENT '엔드포인트 URL',
  `menu_order` int(11) NOT NULL COMMENT '메뉴 순서',
  `menu_auth` varchar(20) DEFAULT NULL COMMENT '메뉴권한 코드',
  `icon` varchar(50) DEFAULT NULL COMMENT '메뉴 아이콘',
  `is_deleted` varchar(1) DEFAULT NULL COMMENT '메뉴 사용여부',
  `created_at` datetime DEFAULT NULL COMMENT '생성 시각',
  PRIMARY KEY (`menu_id`)
) ENGINE=InnoDB DEFAULT CHARSET=utf8 COMMENT='메뉴';
/*!40101 SET character_set_client = @saved_cs_client */;

--
-- Dumping data for table `menu`
--

LOCK TABLES `menu` WRITE;
/*!40000 ALTER TABLE `menu` DISABLE KEYS */;
INSERT INTO `menu` VALUES ('00000000','#','HOME','/main/dashboard','/main/dashboard/view',1,NULL,NULL,'N','2024-09-29 19:27:32'),('10000000','00000000','메인','/main/dashboard','/main/dashboard/view',1,NULL,NULL,'N','2024-09-29 19:27:32'),('10000001','10000000','대시보드','/main/dashboard','/main/dashboard/view',2,'MAIN_DASHBOARD','/images/icon/menu/dashboard.svg','N','2024-09-29 19:27:32'),('10000002','10000000','공지사항','/main/notice','/main/notice/view',2,'MAIN_NOTICE','/images/icon/menu/notice.svg','Y','2024-09-29 19:27:32'),('10000003','10000000','보고/통계','/main/statistics','/main/statistics/view',2,'MAIN_STATISTICS','/images/icon/menu/statistics.svg','Y','2024-09-29 19:27:32'),('20000000','00000000','선번장관리','/rack/line','/rack/line/view',1,NULL,NULL,'N','2024-09-29 19:27:32'),('20000001','20000000','선번장관리','/rack/line','/rack/line/view',2,'RACK_LINE','/images/icon/menu/line.svg','N','2024-09-29 19:27:32'),('30000000','00000000','장비관리','/eqp/hw','/eqp/hw/view',1,NULL,NULL,'N','2024-09-29 19:27:32'),('30000001','30000000','H/W관리','/eqp/hw','/eqp/hw/view',2,'EQP_HW','/images/icon/menu/equipment_hw.svg','N','2024-09-29 19:27:32'),('30000002','30000000','S/W관리','/eqp/sw','/eqp/sw/view',2,'EQP_SW','/images/icon/menu/equipment_sw.svg','N','2024-09-29 19:27:32'),('30000003','30000000','연결정보관리','/eqp/connect','/eqp/connect/view',2,'EQP_CONNECT','/images/icon/menu/equipment_sw.svg','Y','2024-10-28 09:19:13'),('30000004','30000000','랙 실장도','/eqp/rack','/eqp/rack/view',2,'EQP_RACK','/images/icon/menu/equipment_sw.svg','N','2024-11-29 15:29:30'),('40000000','00000000','네트워크관리','/network/portmap','/network/portmap/view',1,NULL,NULL,'N','2024-09-29 19:27:32'),('40000001','40000000','포트맵관리','/network/portmap','/network/portmap/view',2,'NETWORK_PORTMAP','/images/icon/menu/network.svg','N','2024-09-29 19:27:32'),('50000000','00000000','환경설정','/settings/auth','/settings/user/view',1,NULL,NULL,'N','2024-09-29 19:27:32'),('50000001','50000000','사용자관리','/settings/user','/settings/user/view',2,'SETTINGS_USER','/images/icon/menu/user-settings.svg','N','2024-09-29 19:27:32'),('50000002','50000000','권한관리','/settings/auth','/settings/auth/view',2,'SETTINGS_AUTH','/images/icon/menu/lock.svg','Y','2024-09-29 19:27:32');
/*!40000 ALTER TABLE `menu` ENABLE KEYS */;
UNLOCK TABLES;

--
-- Table structure for table `menu_auth`
--

DROP TABLE IF EXISTS `menu_auth`;
/*!40101 SET @saved_cs_client     = @@character_set_client */;
/*!40101 SET character_set_client = utf8 */;
CREATE TABLE `menu_auth` (
  `group_idx` int(11) DEFAULT NULL COMMENT '사용자 그룹',
  `menu_id` varchar(15) DEFAULT NULL COMMENT '메뉴 id',
  `create` varchar(1) DEFAULT NULL COMMENT '등록권한',
  `read` varchar(1) DEFAULT NULL COMMENT '조회권한',
  `update` varchar(1) DEFAULT NULL COMMENT '수정권한',
  `delete` varchar(1) DEFAULT NULL COMMENT '삭제권한',
  KEY `menu_auth_ibfk_1` (`group_idx`),
  KEY `menu_auth_ibfk_2` (`menu_id`),
  CONSTRAINT `menu_auth_ibfk_1` FOREIGN KEY (`group_idx`) REFERENCES `group` (`group_idx`),
  CONSTRAINT `menu_auth_ibfk_2` FOREIGN KEY (`menu_id`) REFERENCES `menu` (`menu_id`)
) ENGINE=InnoDB DEFAULT CHARSET=utf8 COMMENT='그룹별 메뉴 접근권한';
/*!40101 SET character_set_client = @saved_cs_client */;

--
-- Dumping data for table `menu_auth`
--

LOCK TABLES `menu_auth` WRITE;
/*!40000 ALTER TABLE `menu_auth` DISABLE KEYS */;
INSERT INTO `menu_auth` VALUES (1,'10000000','Y','Y','Y','Y'),(1,'10000001','Y','Y','Y','Y'),(1,'10000002','Y','Y','Y','Y'),(1,'10000003','Y','Y','Y','Y'),(1,'20000000','Y','Y','Y','Y'),(1,'20000001','Y','Y','Y','Y'),(1,'30000000','Y','Y','Y','Y'),(1,'30000001','Y','Y','Y','Y'),(1,'30000002','Y','Y','Y','Y'),(1,'40000001','Y','Y','Y','Y'),(1,'50000001','Y','Y','Y','Y'),(1,'50000002','Y','Y','Y','Y'),(2,'10000000','N','Y','N','N'),(2,'10000001','N','Y','N','N'),(2,'10000002','N','Y','N','N'),(2,'10000003','N','Y','N','N'),(2,'20000000','N','Y','N','N'),(2,'20000001','N','Y','N','N'),(2,'30000000','N','Y','N','N'),(2,'30000001','N','Y','N','N'),(2,'30000002','N','Y','N','N'),(2,'40000001','N','Y','N','N'),(2,'50000001','N','Y','N','N'),(2,'50000002','N','Y','N','N');
/*!40000 ALTER TABLE `menu_auth` ENABLE KEYS */;
UNLOCK TABLES;

--
-- Table structure for table `position`
--

DROP TABLE IF EXISTS `position`;
/*!40101 SET @saved_cs_client     = @@character_set_client */;
/*!40101 SET character_set_client = utf8 */;
CREATE TABLE `position` (
  `position_idx` int(11) NOT NULL AUTO_INCREMENT,
  `position_name` varchar(50) DEFAULT NULL COMMENT '직책명',
  PRIMARY KEY (`position_idx`)
) ENGINE=InnoDB AUTO_INCREMENT=10 DEFAULT CHARSET=utf8 COMMENT='직책 테이블';
/*!40101 SET character_set_client = @saved_cs_client */;

--
-- Dumping data for table `position`
--

LOCK TABLES `position` WRITE;
/*!40000 ALTER TABLE `position` DISABLE KEYS */;
INSERT INTO `position` VALUES (0,'선택'),(1,'대표'),(2,'전무'),(3,'상무'),(4,'이사'),(5,'부장'),(6,'과장'),(7,'대리'),(8,'사원');
/*!40000 ALTER TABLE `position` ENABLE KEYS */;
UNLOCK TABLES;

--
-- Table structure for table `user`
--

DROP TABLE IF EXISTS `user`;
/*!40101 SET @saved_cs_client     = @@character_set_client */;
/*!40101 SET character_set_client = utf8 */;
CREATE TABLE `user` (
  `idx` int(11) NOT NULL AUTO_INCREMENT,
  `id` varchar(30) DEFAULT NULL COMMENT '사용자 아이디',
  `password` varchar(1000) DEFAULT NULL COMMENT '사용자 비밀번호',
  `name` varchar(30) DEFAULT NULL COMMENT '사용자 이름',
  `email` varchar(100) DEFAULT NULL COMMENT '사용자 이메일',
  `phone` varchar(20) DEFAULT NULL COMMENT '사용자 전화번호',
  `department` int(11) DEFAULT NULL COMMENT '사용자 부서',
  `position` int(11) DEFAULT NULL COMMENT '사용자 직책',
  `group` int(11) DEFAULT NULL COMMENT '사용자 그룹',
  `created_at` datetime DEFAULT NULL COMMENT '생성일',
  `updated_at` datetime DEFAULT NULL COMMENT '수정일',
  `is_deleted` varchar(1) DEFAULT NULL COMMENT '삭제여부',
  PRIMARY KEY (`idx`),
  KEY `user_ibfk_1` (`department`),
  KEY `user_ibfk_2` (`position`),
  KEY `user_ibfk_3` (`group`),
  CONSTRAINT `user_ibfk_1` FOREIGN KEY (`department`) REFERENCES `department` (`department_idx`),
  CONSTRAINT `user_ibfk_2` FOREIGN KEY (`position`) REFERENCES `position` (`position_idx`),
  CONSTRAINT `user_ibfk_3` FOREIGN KEY (`group`) REFERENCES `group` (`group_idx`)
) ENGINE=InnoDB AUTO_INCREMENT=15 DEFAULT CHARSET=utf8 COMMENT='사용자 정보';
/*!40101 SET character_set_client = @saved_cs_client */;

--
-- Dumping data for table `user`
--

LOCK TABLES `user` WRITE;
/*!40000 ALTER TABLE `user` DISABLE KEYS */;
INSERT INTO `user` VALUES (1,'a','$2a$10$kBxdoonGkp0NDTznGNhblucqhKNYtnmOfg.QxUqwhyqZO7BaOfsDe','관리자','a@wear.awer','010-1111-2222',1,1,1,'2024-10-14 20:02:16',NULL,'N'),(5,'test','$2a$10$qCYT5mm987C8SfjB6WT1DublmOTObzdD9fZjaksUXIkyf71/E6XVW','명회','abc@def.ggg','010-9999-1111',1,2,1,'2024-10-14 20:16:58',NULL,'Y'),(6,'test2','$2a$10$BKdv7gcs9WcLgKupNOkbhu7evTed.1ZmbMpN50WizVthZebG3P2Fe','aa','gaw','2123',2,2,1,'2024-10-14 20:37:57',NULL,'Y'),(7,'test1111','$2a$10$B80b01bBULusFqsbejrfxe4j4Yk8Z12xIQGJuexQdU3wrwnejKRw6','명회','abc@def.ggg','010-9999-1111',1,2,1,'2024-10-14 21:29:12',NULL,'Y'),(8,'test12345','$2a$10$fKx5VfFkE89tfner7Jow/eCVivbT6FzaP0T94uTvEii0fVY2Ksc0y','명회','abc@def.ggg','010-9999-1111',1,2,1,'2024-10-14 21:29:21',NULL,'Y'),(9,'test12345','$2a$10$t4hb0KNZb5sqYdA43cSYI.Nm9cMlOfXs0gHKAd9/VLupzRxHVaarC','명회','abc@def.ggg','010-9999-1111',4,8,2,'2024-10-14 21:29:30',NULL,'Y'),(10,'test1','$2a$10$wwssJ1pesW406MOKJO7RcOTrilGvVy28/NT0J0DEG6HjJeedj2YB.','','','',0,0,1,'2024-10-14 22:23:05',NULL,'N'),(11,'test2','$2a$10$fFlyUkJmsbnlD.O27RQBzedUJV2UVbto8x4rH6Fop/rYauBZZJaYy','','','',0,0,1,'2024-10-15 09:09:40',NULL,'N'),(12,'abb','$2a$10$2gmGMlNZ6EL.4ZaCrflBO.zif4Vs1vaiozpdA4DpiIzk7cqaQ92Fq','test1','a@wear.awer','010-1111-2222',1,1,1,'2024-10-18 21:16:28',NULL,'N'),(13,'bab','$2a$10$BR/xa9u1f/cY7u56hY4TbuXBoHDpz6SQY4FXK8ymx2qrQ.Po3CiYu','','','',0,0,1,'2024-10-18 21:16:50',NULL,'N'),(14,'babba','$2a$10$kIpcz3BgYG3xfo.IcRiuo.ac7EqB1i8TMN1zKrBELiMVIgZliy7UK','','','',0,0,1,'2024-10-18 21:17:00',NULL,'Y');
/*!40000 ALTER TABLE `user` ENABLE KEYS */;
UNLOCK TABLES;

--
-- Dumping routines for database 'qrdb'
--

--
-- Final view structure for view `equipment_cost_view`
--

/*!50001 DROP TABLE IF EXISTS `equipment_cost_view`*/;
/*!50001 DROP VIEW IF EXISTS `equipment_cost_view`*/;
/*!50001 SET @saved_cs_client          = @@character_set_client */;
/*!50001 SET @saved_cs_results         = @@character_set_results */;
/*!50001 SET @saved_col_connection     = @@collation_connection */;
/*!50001 SET character_set_client      = utf8mb4 */;
/*!50001 SET character_set_results     = utf8mb4 */;
/*!50001 SET collation_connection      = utf8mb4_unicode_ci */;
/*!50001 CREATE ALGORITHM=UNDEFINED */
/*!50013 DEFINER=`root`@`localhost` SQL SECURITY DEFINER */
/*!50001 VIEW `equipment_cost_view` AS select (select sum(`equipment_detail`.`acquisition_cost`) from `equipment_detail`) AS `hw_cost`,(select sum(`equipment_sw_detail`.`acquisition_cost`) from `equipment_sw_detail`) AS `sw_cost` */;
/*!50001 SET character_set_client      = @saved_cs_client */;
/*!50001 SET character_set_results     = @saved_cs_results */;
/*!50001 SET collation_connection      = @saved_col_connection */;

--
-- Final view structure for view `equipment_view`
--

/*!50001 DROP TABLE IF EXISTS `equipment_view`*/;
/*!50001 DROP VIEW IF EXISTS `equipment_view`*/;
/*!50001 SET @saved_cs_client          = @@character_set_client */;
/*!50001 SET @saved_cs_results         = @@character_set_results */;
/*!50001 SET @saved_col_connection     = @@collation_connection */;
/*!50001 SET character_set_client      = utf8mb4 */;
/*!50001 SET character_set_results     = utf8mb4 */;
/*!50001 SET collation_connection      = utf8mb4_unicode_ci */;
/*!50001 CREATE ALGORITHM=UNDEFINED */
/*!50013 DEFINER=`root`@`localhost` SQL SECURITY DEFINER */
/*!50001 VIEW `equipment_view` AS select (select count(`equipment_basic`.`eqp_manage_id`) from `equipment_basic`) AS `hw_cnt`,(select count(`equipment_sw_basic`.`eqp_manage_id`) from `equipment_sw_basic`) AS `sw_cnt` */;
/*!50001 SET character_set_client      = @saved_cs_client */;
/*!50001 SET character_set_results     = @saved_cs_results */;
/*!50001 SET collation_connection      = @saved_col_connection */;
/*!40103 SET TIME_ZONE=@OLD_TIME_ZONE */;

/*!40101 SET SQL_MODE=@OLD_SQL_MODE */;
/*!40014 SET FOREIGN_KEY_CHECKS=@OLD_FOREIGN_KEY_CHECKS */;
/*!40014 SET UNIQUE_CHECKS=@OLD_UNIQUE_CHECKS */;
/*!40101 SET CHARACTER_SET_CLIENT=@OLD_CHARACTER_SET_CLIENT */;
/*!40101 SET CHARACTER_SET_RESULTS=@OLD_CHARACTER_SET_RESULTS */;
/*!40101 SET COLLATION_CONNECTION=@OLD_COLLATION_CONNECTION */;
/*!40111 SET SQL_NOTES=@OLD_SQL_NOTES */;

-- Dump completed on 2024-12-01 23:19:08
